frame_idx,fid3d_idx,raw_left_cx,raw_left_cy,raw_right_cx,raw_right_cy,sdk_reproj_left_cx,sdk_reproj_left_cy,sdk_reproj_right_cx,sdk_reproj_right_cy,rev_reproj_left_cx,rev_reproj_left_cy,rev_reproj_right_cx,rev_reproj_right_cy,sdk_left_err_px,sdk_right_err_px,rev_left_err_px,rev_right_err_px
0,1,1249.751099,618.845093,839.491089,608.570007,1249.762573,619.983459,839.490417,607.430847,1249.762695,619.983459,839.490417,607.430908,1.138425,1.139160,1.138426,1.139099
0,4,981.656921,622.272583,1208.200073,606.185486,981.662292,621.208862,1208.193604,607.254456,981.662292,621.208862,1208.193604,607.254456,1.063734,1.068989,1.063734,1.068989
0,7,1236.437866,523.980591,628.955688,514.007324,1236.438965,524.789734,628.949829,513.207764,1236.438965,524.789734,628.949890,513.207764,0.809144,0.799582,0.809144,0.799582
0,10,708.173828,525.647644,1183.875610,509.859009,708.080444,524.958496,1183.970337,510.543091,708.080383,524.958435,1183.970337,510.543121,0.695446,0.690609,0.695515,0.690640
1,5,1236.425781,523.981628,628.939575,514.014587,1236.426880,524.793884,628.933777,513.211914,1236.426880,524.793884,628.933777,513.211975,0.812257,0.802694,0.812257,0.802633
1,8,708.165283,525.657288,1183.861328,509.855835,708.070068,524.961670,1183.957886,510.546326,708.070007,524.961670,1183.957886,510.546326,0.702104,0.697209,0.702112,0.697209
2,4,795.024414,577.844421,783.367371,565.061707,795.025696,578.290894,783.366211,564.625427,795.025696,578.290894,783.366150,564.625427,0.446474,0.436281,0.446474,0.436281
2,5,920.828491,578.313843,723.493225,564.417969,920.828186,577.980957,723.493103,564.743835,920.828186,577.980957,723.493042,564.743835,0.332886,0.325867,0.332886,0.325867
2,8,708.161011,525.640442,1183.857300,509.852264,708.067566,524.951416,1183.952026,510.536194,708.067566,524.951416,1183.952026,510.536194,0.695333,0.690458,0.695333,0.690458
3,4,920.053711,582.026306,723.508545,564.418274,920.063721,579.838257,723.495300,566.559998,920.063721,579.838257,723.495239,566.559998,2.188072,2.141765,2.188072,2.141765
3,5,795.037598,577.836670,782.106079,568.698669,795.062012,580.146667,782.082886,566.441406,795.062012,580.146606,782.082886,566.441467,2.310127,2.257382,2.310066,2.257321
3,8,708.173462,525.640320,1183.874634,509.855133,708.080444,524.952820,1183.968872,510.537506,708.080444,524.952820,1183.968872,510.537537,0.693764,0.688850,0.693764,0.688880
4,6,708.158325,525.649963,1183.861206,509.856842,708.064270,524.958496,1183.956665,510.543182,708.064270,524.958496,1183.956543,510.543213,0.697835,0.692947,0.697835,0.692960
5,5,1236.424683,523.980896,628.936768,514.006836,1236.425659,524.789612,628.930969,513.207703,1236.425781,524.789551,628.930969,513.207703,0.808716,0.799154,0.808656,0.799154
5,8,708.160278,525.648804,1183.857544,509.851593,708.065613,524.955322,1183.953613,510.540009,708.065613,524.955261,1183.953491,510.540009,0.699913,0.695087,0.699973,0.695070
6,6,708.162598,525.631409,1183.869873,509.847748,708.069885,524.944702,1183.963867,510.529419,708.069824,524.944641,1183.963867,510.529449,0.692937,0.688121,0.693005,0.688151
7,6,708.163879,525.639221,1183.862427,509.847260,708.069946,524.948364,1183.957764,510.533081,708.069946,524.948303,1183.957642,510.533081,0.697214,0.692416,0.697274,0.692399
8,0,1249.744751,618.839905,984.955566,608.543030,1249.756714,619.963074,984.952209,607.410828,1249.756714,619.963013,984.952209,607.410889,1.123233,1.132207,1.123172,1.132146
8,3,1109.581543,621.700073,1208.189941,606.176086,1109.581787,620.622620,1208.186646,607.265320,1109.581787,620.622620,1208.186646,607.265320,1.077454,1.089238,1.077454,1.089238
8,8,708.168091,525.644714,1183.862061,509.860352,708.075134,524.957642,1183.956299,510.542358,708.075134,524.957642,1183.956299,510.542358,0.693332,0.688487,0.693332,0.688487
9,4,939.297058,580.371521,723.504333,564.422119,939.299744,578.988647,723.499512,565.776855,939.299744,578.988586,723.499451,565.776917,1.382876,1.354745,1.382937,1.354806
9,5,795.040344,577.846802,797.731506,567.110962,795.051636,579.354553,797.720703,565.636414,795.051636,579.354492,797.720642,565.636414,1.507794,1.474588,1.507733,1.474588
9,8,708.178345,525.642029,1183.871094,509.848450,708.084167,524.950317,1183.966675,510.535034,708.084106,524.950317,1183.966553,510.535065,0.698093,0.693206,0.698101,0.693219
10,3,1007.610291,579.055542,723.505798,564.425293,1007.609985,578.244385,723.504456,565.222351,1007.609985,578.244385,723.504517,565.222351,0.811157,0.797059,0.811157,0.797059
10,4,795.030579,577.848999,863.114197,565.836182,795.035767,578.771179,863.108826,564.931152,795.035767,578.771118,863.108765,564.931213,0.922195,0.905045,0.922134,0.904985
10,8,708.166260,525.636230,1183.864014,509.844421,708.072327,524.945374,1183.959229,510.530151,708.072327,524.945374,1183.959229,510.530182,0.697214,0.692309,0.697214,0.692339
11,6,708.171875,525.636841,1183.870483,509.849701,708.078613,524.948425,1183.965088,510.533112,708.078613,524.948364,1183.965088,510.533112,0.694704,0.689928,0.694765,0.689928
12,5,708.165039,525.646423,1183.866821,509.850708,708.070679,524.953674,1183.962524,510.538361,708.070618,524.953674,1183.962524,510.538361,0.699146,0.694280,0.699154,0.694280
12,6,959.450012,507.347412,1255.437500,496.996216,959.507385,509.548981,1255.369507,494.781586,959.507385,509.548950,1255.369629,494.781616,2.202316,2.215674,2.202286,2.215639
13,4,708.168213,525.647888,1183.864746,509.850494,708.073547,524.954285,1183.960815,510.538971,708.073547,524.954285,1183.960815,510.539001,0.700034,0.695147,0.700034,0.695177
13,5,708.168213,525.647888,871.341248,512.068848,708.168701,525.314209,871.342224,512.395386,708.168640,525.314209,871.342224,512.395447,0.333680,0.326540,0.333679,0.326601
13,6,1020.443909,524.774475,628.947327,514.007446,1020.444458,525.212952,628.944458,513.578674,1020.444458,525.212952,628.944458,513.578674,0.438477,0.428782,0.438477,0.428782
13,7,1020.443909,524.774475,1183.864746,509.850494,1020.444458,524.473755,1183.865479,510.152985,1020.444458,524.473755,1183.865479,510.153015,0.300721,0.302491,0.300721,0.302522
14,3,1236.437378,523.983337,628.953308,514.002014,1236.438354,524.788391,628.947571,513.206482,1236.438477,524.788391,628.947510,513.206482,0.805054,0.795553,0.805054,0.795553
14,6,708.171936,525.643799,1183.875000,509.853210,708.078247,524.953674,1183.969971,510.538300,708.078247,524.953613,1183.969971,510.538300,0.696455,0.691640,0.696515,0.691640
15,4,708.157776,525.638916,1183.857178,509.849152,708.064148,524.949097,1183.952148,510.533875,708.064148,524.949097,1183.952148,510.533875,0.696144,0.691278,0.696144,0.691278
16,4,708.178162,525.638062,1183.876831,509.844757,708.084045,524.946533,1183.972290,510.531219,708.084045,524.946472,1183.972290,510.531219,0.697903,0.693068,0.697964,0.693068
16,5,1042.917114,507.803162,1255.446777,496.993134,1042.947632,509.789124,1255.406250,494.987823,1042.947510,509.789093,1255.406128,494.987823,1.986196,2.005720,1.986164,2.005722
17,4,708.158936,525.637512,1183.854248,509.845001,708.064880,524.946350,1183.949585,510.531128,708.064880,524.946289,1183.949585,510.531128,0.697532,0.692719,0.697593,0.692719
18,3,1236.440186,523.969849,628.955750,514.007446,1236.441284,524.784424,628.949890,513.202515,1236.441284,524.784424,628.949890,513.202515,0.814576,0.804953,0.814576,0.804953
18,6,708.183594,525.638977,1183.880737,509.855225,708.090759,524.952271,1183.974976,510.536896,708.090759,524.952209,1183.974854,510.536896,0.692953,0.688154,0.693014,0.688138
19,4,708.164001,525.640930,1183.868530,509.851349,708.070496,524.951233,1183.963379,510.535950,708.070435,524.951233,1183.963379,510.535950,0.696007,0.691140,0.696015,0.691140
20,3,1236.420532,523.972351,628.940430,514.009277,1236.421631,524.786560,628.934631,513.204712,1236.421631,524.786560,628.934570,513.204712,0.814210,0.804586,0.814210,0.804587
20,6,708.166077,525.644592,1183.868164,509.848022,708.071533,524.951416,1183.963989,510.536102,708.071533,524.951416,1183.963989,510.536102,0.699594,0.694720,0.699594,0.694720
21,1,1249.742432,618.851807,972.336365,607.586609,1249.748291,619.493652,972.335388,606.940002,1249.748413,619.493591,972.335388,606.940063,0.641872,0.646607,0.641813,0.646546
21,2,1111.831421,620.723877,1208.196899,606.188477,1111.829956,620.135315,1208.196777,606.783569,1111.829956,620.135315,1208.196655,606.783569,0.588564,0.595093,0.588564,0.595093
21,6,708.174744,525.649170,1183.874756,509.862946,708.081604,524.961243,1183.969238,510.545837,708.081604,524.961182,1183.969238,510.545837,0.694204,0.689397,0.694264,0.689397
22,0,1250.047485,616.997009,1208.190063,606.183960,1250.057861,617.927856,1208.183838,605.236145,1250.057861,617.927856,1208.183838,605.236145,0.930905,0.947835,0.930905,0.947835
22,4,1236.414062,523.984741,628.936096,514.011902,1236.415161,524.794067,628.930298,513.212158,1236.415161,524.794067,628.930237,513.212158,0.809327,0.799765,0.809327,0.799765
22,7,708.161926,525.646423,1183.862427,509.859131,708.068665,524.957947,1183.957031,510.542603,708.068604,524.957886,1183.957031,510.542603,0.694765,0.689988,0.694833,0.689988
22,8,969.752380,510.431824,1255.428223,496.993073,969.757141,511.091125,1255.420410,496.329498,969.757202,511.091095,1255.420410,496.329529,0.659319,0.663620,0.659289,0.663590
23,0,1249.988159,617.425903,1208.208374,606.171387,1249.995361,618.136353,1208.204224,605.447998,1249.995361,618.136292,1208.204224,605.448059,0.710486,0.723401,0.710425,0.723340
23,5,708.182922,525.636597,1183.877930,509.843994,708.088867,524.945374,1183.973389,510.530090,708.088867,524.945374,1183.973267,510.530121,0.697593,0.692705,0.697593,0.692719
23,6,708.182922,525.636597,829.290344,511.751740,708.184448,525.041321,829.291382,512.333069,708.184448,525.041321,829.291443,512.333069,0.595278,0.581330,0.595278,0.581330
23,7,975.823059,524.278259,628.956848,513.999512,975.824463,524.967285,628.951782,513.327026,975.824463,524.967346,628.951843,513.327087,0.689027,0.672504,0.689088,0.672443
24,4,708.155945,525.639404,1183.853638,509.858276,708.063416,524.953918,1183.947510,510.538696,708.063477,524.953918,1183.947510,510.538696,0.691703,0.686865,0.691694,0.686865
25,0,1249.746582,618.841064,992.129333,607.894348,1249.754395,619.642456,992.127563,607.086182,1249.754395,619.642456,992.127502,607.086243,0.801430,0.808168,0.801430,0.808108
25,3,1135.096924,620.933716,1208.201904,606.178772,1135.095337,620.179504,1208.201050,606.942139,1135.095337,620.179504,1208.201172,606.942200,0.754213,0.763367,0.754213,0.763428
25,6,708.173035,525.638123,1183.873169,509.847778,708.079285,524.948059,1183.968140,510.532745,708.079346,524.948059,1183.968140,510.532776,0.696403,0.691520,0.696394,0.691550
26,0,1250.157715,615.947083,1208.199707,606.173462,1250.176758,617.397461,1208.186890,604.696655,1250.176758,617.397400,1208.186890,604.696655,1.450503,1.476862,1.450442,1.476862
26,5,708.172485,525.635437,1183.872192,509.848511,708.079224,524.947083,1183.966675,510.531769,708.079224,524.947083,1183.966797,510.531799,0.694644,0.689760,0.694644,0.689807
26,6,708.172485,525.635437,826.067200,510.343781,708.181274,524.311646,826.064392,511.636322,708.181274,524.311646,826.064392,511.636353,1.323821,1.292545,1.323821,1.292575
26,7,968.147156,522.846741,628.948486,514.000488,968.152466,524.253235,628.935791,512.628418,968.152405,524.253174,628.935730,512.628418,1.406504,1.372129,1.406443,1.372130
26,8,968.147156,522.846741,1183.872192,509.848511,968.151001,523.514832,1183.865601,509.178040,968.150940,523.514832,1183.865601,509.178070,0.668102,0.670504,0.668102,0.670473
27,4,708.165222,525.641052,888.681396,512.158203,708.165466,525.399414,888.682190,512.394897,708.165405,525.399414,888.682190,512.394897,0.241638,0.236696,0.241638,0.236696
27,5,708.165222,525.641052,1183.862671,509.853760,708.071899,524.952515,1183.957275,510.537231,708.071899,524.952515,1183.957275,510.537231,0.694833,0.689988,0.694833,0.689988
27,6,1034.865234,524.971252,628.947998,514.004517,1034.865601,525.307861,628.945923,513.675171,1034.865601,525.307800,628.945801,513.675171,0.336609,0.329352,0.336548,0.329353
27,8,1034.865234,524.971252,1183.862671,509.853760,1034.866211,524.572205,1183.863525,510.255402,1034.866211,524.572205,1183.863403,510.255432,0.399049,0.401643,0.399049,0.401673
28,0,1249.751953,618.837708,1002.602722,609.161987,1249.768555,620.269958,1002.596741,607.716919,1249.768555,620.269958,1002.596741,607.716980,1.432347,1.445081,1.432347,1.445020
28,3,1141.716553,622.167480,1208.196655,606.181885,1141.717773,620.781860,1208.190918,607.584839,1141.717773,620.781860,1208.190796,607.584839,1.385621,1.402966,1.385621,1.402966
28,5,1236.441162,523.983032,628.951904,514.011047,1236.442261,524.792847,628.946045,513.210815,1236.442261,524.792786,628.946045,513.210815,0.809815,0.800253,0.809754,0.800253
28,8,708.168579,525.644714,1183.871948,509.855865,708.075134,524.955444,1183.966675,510.540070,708.075073,524.955383,1183.966675,510.540100,0.695575,0.690730,0.695644,0.690761
28,10,1050.175049,513.144043,1255.444092,496.998413,1050.178833,512.463440,1255.443481,497.685944,1050.178955,512.463440,1255.443481,497.685974,0.680614,0.687531,0.680614,0.687561
29,0,1250.337036,614.470520,1208.197266,606.177734,1250.372070,616.660645,1208.171387,603.947510,1250.372070,616.660645,1208.171387,603.947571,2.190405,2.230375,2.190405,2.230314
29,5,968.958435,530.283813,628.946167,514.007019,968.970276,527.974976,628.945618,516.259583,968.970276,527.974976,628.945557,516.259644,2.308868,2.252564,2.308868,2.252625
29,6,708.161011,525.646790,828.959900,517.680664,708.197083,528.081299,828.914856,515.303528,708.197021,528.081238,828.914856,515.303528,2.434776,2.377563,2.434715,2.377563
29,8,708.161011,525.646790,1183.865967,509.856781,708.067444,524.956909,1183.960938,510.541595,708.067383,524.956909,1183.960938,510.541595,0.696197,0.691368,0.696205,0.691368
30,1,1144.520264,622.159668,1208.193604,606.175537,1144.521484,620.768005,1208.187866,607.584778,1144.521362,620.768005,1208.187744,607.584778,1.391663,1.409252,1.391663,1.409253
30,2,1249.737061,618.816833,1004.875244,609.158264,1249.753906,620.257935,1004.869141,607.704224,1249.753906,620.257874,1004.869141,607.704224,1.441200,1.454053,1.441138,1.454053
30,6,708.160889,525.642517,1183.857056,509.850525,708.066956,524.951599,1183.952393,510.536346,708.066895,524.951599,1183.952393,510.536377,0.697274,0.692416,0.697282,0.692447
30,8,1049.935547,514.523987,1255.433472,496.991882,1049.950684,513.150146,1255.424683,498.379822,1049.950684,513.150146,1255.424683,498.379852,1.373924,1.387967,1.373924,1.387998
31,1,1249.739502,618.838623,1011.667725,607.193970,1249.743530,619.296265,1011.666992,606.732056,1249.743530,619.296265,1011.666992,606.732056,0.457659,0.461915,0.457659,0.461915
31,2,1149.295044,620.195068,1208.190063,606.179871,1149.293335,619.776306,1208.190430,606.604065,1149.293335,619.776245,1208.190430,606.604065,0.418766,0.424194,0.418827,0.424194
31,6,1045.211792,530.165344,628.944336,514.005798,1045.222290,527.904114,628.945068,516.219482,1045.222290,527.904114,628.945129,516.219482,2.261255,2.213684,2.261255,2.213684
31,7,1236.427612,523.974182,628.944336,514.005798,1236.428711,524.785706,628.938538,513.203857,1236.428711,524.785706,628.938538,513.203857,0.811524,0.801962,0.811524,0.801962
31,9,708.166382,525.644348,898.553284,517.252197,708.209229,528.024170,898.502075,514.919922,708.209167,528.024170,898.502014,514.919983,2.380207,2.332838,2.380206,2.332778
31,11,708.166382,525.644348,1183.870605,509.849854,708.072144,524.952209,1183.966064,510.536865,708.072144,524.952209,1183.966187,510.536896,0.698525,0.693612,0.698525,0.693659
32,4,708.171082,525.640015,1183.874390,509.848450,708.077209,524.949341,1183.969482,510.534027,708.077209,524.949341,1183.969482,510.534058,0.697024,0.692141,0.697024,0.692171
32,6,1058.585938,513.169556,1255.438721,496.995483,1058.589844,512.476318,1255.438110,497.696106,1058.589844,512.476318,1255.438110,497.696106,0.693248,0.700623,0.693248,0.700623
33,4,1236.436401,523.977234,628.953979,514.007080,1236.437378,524.787903,628.948120,513.205933,1236.437500,524.787903,628.948181,513.205994,0.810670,0.801169,0.810670,0.801107
33,7,708.171204,525.641174,1183.866821,509.849091,708.077209,524.950256,1183.962036,510.534943,708.077209,524.950195,1183.962158,510.534973,0.697282,0.692430,0.697343,0.692477
34,4,1053.275879,530.609680,628.948303,514.007263,1053.288452,528.125916,628.947998,516.439697,1053.288574,528.125916,628.948059,516.439697,2.483796,2.432434,2.483797,2.432434
34,5,1236.425415,523.982666,628.948303,514.007263,1236.426514,524.790710,628.942566,513.208740,1236.426514,524.790710,628.942505,513.208801,0.808045,0.798544,0.808045,0.798483
34,8,708.173401,525.642456,1183.865967,509.854736,708.080017,524.953735,1183.960693,510.538391,708.080017,524.953674,1183.960693,510.538422,0.695023,0.690186,0.695083,0.690216
35,4,708.175598,525.647644,1183.872803,509.856415,708.081787,524.957153,1183.968018,510.541809,708.081726,524.957153,1183.968018,510.541809,0.696834,0.691976,0.696842,0.691976
35,5,708.175598,525.647644,906.321167,511.096161,708.179016,524.904724,906.320862,511.824585,708.179016,524.904724,906.320862,511.824615,0.742928,0.728424,0.742928,0.728455
35,6,1049.514771,524.007080,628.952637,514.015259,1049.516357,524.829224,628.946533,513.210266,1049.516479,524.829224,628.946533,513.210266,0.822145,0.805016,0.822145,0.805016
36,4,1236.432617,523.983215,628.945984,514.011780,1236.433716,524.793274,628.940186,513.211304,1236.433716,524.793274,628.940186,513.211304,0.810059,0.800497,0.810059,0.800497
36,6,1236.432617,523.983215,850.434814,510.509583,1236.433105,523.581299,850.436584,510.911743,1236.433105,523.581238,850.436584,510.911774,0.401917,0.402165,0.401978,0.402195
36,8,708.164062,525.649597,1183.863525,509.859222,708.070312,524.959534,1183.958618,510.544189,708.070374,524.959534,1183.958618,510.544220,0.696403,0.691536,0.696394,0.691567
36,9,708.164062,525.649597,850.434814,510.509583,708.171570,524.465576,850.432556,511.667175,708.171631,524.465515,850.432556,511.667206,1.184045,1.157595,1.184106,1.157625
36,10,995.127869,523.104553,628.945984,514.011780,995.132080,524.383850,628.934937,512.762207,995.132080,524.383850,628.934937,512.762268,1.279304,1.249622,1.279304,1.249561
36,11,995.127869,523.104553,1183.863525,509.859222,995.130127,523.645935,1183.859009,509.315308,995.130127,523.645935,1183.859009,509.315308,0.541387,0.543934,0.541387,0.543934
37,1,1150.576172,622.021729,1208.196777,606.184326,1150.576660,620.688660,1208.191772,607.534668,1150.576660,620.688660,1208.191772,607.534668,1.333069,1.350351,1.333069,1.350351
37,2,1249.741333,618.835693,1020.604004,609.057800,1249.757324,620.218872,1020.597900,607.661072,1249.757324,620.218872,1020.597900,607.661072,1.383271,1.396742,1.383271,1.396742
37,6,1236.429565,523.995239,628.950012,514.002686,1236.430542,524.794678,628.944275,513.212708,1236.430664,524.794678,628.944275,513.212708,0.799439,0.789999,0.799439,0.789999
37,7,1236.429565,523.995239,846.124695,512.267456,1236.429932,524.455200,846.121826,511.807312,1236.429932,524.455200,846.121765,511.807343,0.459961,0.460153,0.459961,0.460123
37,10,708.169312,525.650146,846.124695,512.267456,708.169556,525.354126,846.125732,512.556824,708.169617,525.354126,846.125732,512.556824,0.296021,0.289370,0.296021,0.289370
37,11,708.169312,525.650146,1183.863892,509.855743,708.075012,524.958069,1183.959595,510.542725,708.075012,524.958069,1183.959473,510.542755,0.698472,0.693615,0.698472,0.693629
37,12,990.504272,524.862366,628.950012,514.002686,990.504822,525.258850,628.947388,513.615540,990.504761,525.258789,628.947388,513.615540,0.396485,0.387155,0.396424,0.387155
37,14,990.504272,524.862366,1183.863892,509.855743,990.505066,524.523621,1183.864624,510.195984,990.505005,524.523621,1183.864502,510.196014,0.338746,0.340241,0.338746,0.340272
38,5,708.162415,525.648987,1183.860840,509.849365,708.067444,524.954224,1183.957153,510.538940,708.067383,524.954224,1183.957153,510.538971,0.701224,0.696269,0.701232,0.696299
38,6,997.655273,520.249939,1183.860840,509.849365,997.683411,522.213440,1183.824097,507.876526,997.683472,522.213440,1183.824097,507.876556,1.963703,1.973181,1.963703,1.973151
39,6,708.169678,525.639587,1183.875977,509.851654,708.076355,524.950745,1183.970581,510.535431,708.076355,524.950745,1183.970581,510.535431,0.695136,0.690290,0.695136,0.690290
40,3,1069.292603,596.913208,847.821228,579.989502,1069.295532,595.063965,847.811401,581.824097,1069.295532,595.063965,847.811462,581.824097,1.849245,1.834621,1.849245,1.834621
40,4,1005.650024,593.311462,914.796509,583.703430,1005.670227,595.286560,914.781433,581.742737,1005.670227,595.286560,914.781433,581.742737,1.975201,1.960751,1.975201,1.960751
40,7,1236.425049,523.976501,628.949097,514.005310,1236.426147,524.786621,628.943298,513.204712,1236.426147,524.786621,628.943298,513.204773,0.810120,0.800619,0.810120,0.800558
40,10,708.168091,525.642151,1183.870361,509.853943,708.074768,524.953186,1183.965088,510.537842,708.074707,524.953125,1183.965088,510.537872,0.695257,0.690428,0.695325,0.690458
41,0,1249.738037,618.838928,916.624451,608.274292,1249.747925,619.827515,916.622986,607.281067,1249.747925,619.827515,916.622986,607.281128,0.988636,0.993226,0.988636,0.993165
41,2,1249.738037,618.838928,849.646057,607.238464,1249.742188,619.314270,849.646423,606.762573,1249.742188,619.314270,849.646362,606.762573,0.475360,0.475891,0.475360,0.475891
41,4,1071.007568,621.550476,1208.187378,606.178406,1071.008057,620.640137,1208.184937,607.096985,1071.008057,620.640137,1208.184814,607.097046,0.910339,0.918582,0.910339,0.918644
41,5,1071.007568,621.550476,849.646057,607.238464,1071.005981,621.111694,849.644714,607.673889,1071.005859,621.111633,849.644653,607.673889,0.438785,0.435427,0.438846,0.435427
41,6,1007.835693,620.820007,916.624451,608.274292,1007.839417,621.412537,916.623779,607.685974,1007.839478,621.412537,916.623840,607.685974,0.592541,0.588318,0.592541,0.588318
41,7,1007.835693,620.820007,1208.187378,606.178406,1007.835205,620.420288,1208.187378,606.580566,1007.835205,620.420288,1208.187256,606.580566,0.399720,0.402161,0.399720,0.402161
41,12,708.153931,525.646423,1183.859497,509.857666,708.060486,524.957153,1183.954224,510.541840,708.060486,524.957153,1183.954224,510.541870,0.695575,0.690700,0.695575,0.690730
42,1,1249.755127,618.829041,907.233643,607.804749,1249.762329,619.588989,907.233032,607.041687,1249.762329,619.588989,907.233093,607.041687,0.759983,0.763062,0.759983,0.763062
42,2,1249.755127,618.829041,840.253906,604.282471,1249.750000,617.833008,840.249817,605.279175,1249.750000,617.832947,840.249817,605.279175,0.996046,0.996712,0.996107,0.996712
42,3,1060.819946,621.168091,1208.206665,606.172791,1060.819458,620.469971,1208.205566,606.876892,1060.819580,620.469971,1208.205566,606.876953,0.698120,0.704102,0.698120,0.704163
42,5,1060.819946,621.168091,840.253906,604.282471,1060.819946,619.454224,840.242249,605.981323,1060.820068,619.454163,840.242249,605.981323,1.713867,1.698893,1.713928,1.698893
42,6,995.773438,617.903198,1208.206665,606.172791,995.787048,618.986267,1208.194214,605.083557,995.787048,618.986206,1208.194092,605.083557,1.083154,1.089305,1.083093,1.089306
42,7,995.773438,617.903198,907.233643,607.804749,995.792969,619.745300,907.223389,605.977600,995.793030,619.745300,907.223450,605.977600,1.842206,1.827177,1.842206,1.827177
42,11,1236.427856,523.978760,628.948792,513.997925,1236.428833,524.784058,628.942993,513.202148,1236.428955,524.783997,628.942993,513.202148,0.805298,0.795797,0.805238,0.795797
42,14,708.176331,525.646301,1183.873901,509.843994,708.080994,524.950256,1183.970581,510.534912,708.080994,524.950256,1183.970581,510.534943,0.702544,0.697649,0.702544,0.697680
43,1,1059.550781,625.622131,840.852722,609.163513,1059.549561,624.146240,840.843201,610.626465,1059.549561,624.146179,840.843201,610.626465,1.475892,1.462983,1.475953,1.462983
43,2,994.566040,622.867920,907.651794,612.256226,994.582092,624.474670,907.644653,610.662537,994.582031,624.474670,907.644714,610.662598,1.606831,1.593705,1.606830,1.593644
43,4,994.566040,622.867920,1208.197754,606.179321,994.575867,621.474548,1208.186157,607.580383,994.575867,621.474548,1208.186157,607.580383,1.393406,1.401110,1.393406,1.401110
43,5,1249.747314,618.830688,840.852722,609.163513,1249.762939,620.272705,840.850891,607.720520,1249.762939,620.272644,840.850891,607.720520,1.442101,1.442994,1.442040,1.442994
43,9,1236.429810,523.969666,628.949280,514.007690,1236.430908,524.784424,628.943420,513.202576,1236.430908,524.784424,628.943420,513.202576,0.814759,0.805136,0.814759,0.805136
43,12,708.165100,525.649170,1183.869263,509.855682,708.070984,524.957581,1183.964722,510.542206,708.071045,524.957520,1183.964722,510.542206,0.697964,0.693128,0.698016,0.693128
44,2,997.132935,622.952271,1208.184082,606.192078,997.143311,621.517334,1208.171875,607.635132,997.143311,621.517273,1208.171753,607.635132,1.434974,1.443106,1.435035,1.443107
44,3,1249.736938,618.847778,844.297119,609.269409,1249.753296,620.333679,844.295044,607.782166,1249.753296,620.333679,844.295044,607.782166,1.485991,1.487245,1.485991,1.487245
44,5,1249.736938,618.847778,1029.076538,603.164246,1249.732544,617.308594,1029.070557,604.718933,1249.732544,617.308594,1029.070557,604.718933,1.539191,1.554699,1.539191,1.554699
44,6,1153.901245,616.144897,1208.184082,606.192078,1153.923462,617.745850,1208.166748,604.569946,1153.923462,617.745850,1208.166626,604.569946,1.601106,1.622224,1.601106,1.622225
44,10,708.162231,525.644287,1183.859375,509.858826,708.069214,524.956665,1183.953735,510.541351,708.069153,524.956665,1183.953735,510.541382,0.693885,0.689018,0.693893,0.689048
45,2,1249.744385,618.853821,911.904114,605.852783,1249.742920,618.629639,911.903809,606.078003,1249.742798,618.629578,911.903748,606.078003,0.224187,0.225220,0.224249,0.225220
45,3,1062.621216,619.176453,1208.203613,606.180054,1062.623291,619.473572,1208.202148,605.880371,1062.623291,619.473511,1208.202148,605.880371,0.297126,0.299686,0.297065,0.299686
45,8,708.179199,525.627869,1183.873047,509.853302,708.087585,524.945740,1183.965942,510.530457,708.087585,524.945679,1183.965942,510.530457,0.688254,0.683497,0.688314,0.683497
46,4,1007.291321,580.879578,723.500732,564.417236,1007.294800,579.152710,723.493713,566.114014,1007.294800,579.152649,723.493652,566.114014,1.726871,1.696792,1.726932,1.696792
46,5,795.025146,577.840881,853.458984,567.686401,795.043945,579.700134,853.440247,565.862610,795.043884,579.700073,853.440186,565.862671,1.859348,1.823888,1.859286,1.823827
46,7,1236.427002,523.969421,628.938416,514.005066,1236.428101,524.782959,628.932556,513.201111,1236.428101,524.782959,628.932556,513.201172,0.813538,0.803976,0.813538,0.803915
46,10,708.156128,525.635437,1183.861450,509.850952,708.063232,524.948303,1183.955566,510.533020,708.063232,524.948242,1183.955566,510.533051,0.693385,0.688531,0.693445,0.688561
47,4,795.043152,577.844727,851.783447,559.066528,795.071777,575.306091,851.756714,561.556396,795.071777,575.306091,851.756714,561.556396,2.538797,2.490012,2.538797,2.490012
47,7,708.171509,525.639954,1183.874390,509.853088,708.078308,524.951660,1183.968872,510.536316,708.078308,524.951660,1183.968872,510.536346,0.694575,0.689730,0.694575,0.689760
48,4,795.036682,577.854126,853.238647,560.344910,795.052124,575.964294,853.224365,562.198608,795.052124,575.964233,853.224426,562.198669,1.889895,1.853754,1.889956,1.853814
48,5,1006.759277,573.468018,723.500427,564.423950,1006.774292,575.450989,723.488831,562.475464,1006.774292,575.450989,723.488770,562.475525,1.983028,1.948521,1.983028,1.948460
48,8,708.170593,525.643127,1183.866577,509.850006,708.076477,524.951660,1183.962036,510.536346,708.076477,524.951660,1183.962036,510.536377,0.697843,0.692947,0.697843,0.692977
49,4,795.034790,577.849976,851.204468,560.293152,795.050598,575.933411,851.189880,562.172913,795.050598,575.933350,851.189880,562.172913,1.916630,1.879817,1.916691,1.879817
49,5,1004.480286,573.407593,723.508850,564.417786,1004.495667,575.420654,723.496826,562.440002,1004.495667,575.420593,723.496826,562.440002,2.013120,1.977820,2.013059,1.977820
49,7,1236.439819,523.978088,628.955322,514.004578,1236.440796,524.787048,628.949524,513.205139,1236.440918,524.787048,628.949524,513.205139,0.808961,0.799460,0.808961,0.799460
49,10,708.177368,525.643799,1183.872803,509.852325,708.083435,524.953186,1183.968018,510.537842,708.083435,524.953186,1183.968018,510.537872,0.696972,0.692097,0.696972,0.692127
50,1,1249.748535,618.833130,1017.856384,603.499573,1249.743896,617.464661,1017.851624,604.881104,1249.743896,617.464661,1017.851624,604.881165,1.368477,1.381539,1.368477,1.381600
50,2,1138.726562,616.519226,1208.204590,606.173950,1138.745605,617.960999,1208.189575,604.714233,1138.745605,617.960999,1208.189697,604.714233,1.441898,1.459794,1.441898,1.459793
50,8,708.177673,525.636902,1183.878540,509.852325,708.084778,524.949768,1183.972778,510.534393,708.084778,524.949707,1183.972778,510.534424,0.693385,0.688547,0.693445,0.688578
51,0,1249.729492,618.833557,1018.899170,609.071899,1249.745605,620.224670,1018.893127,607.667297,1249.745605,620.224670,1018.893066,607.667297,1.391207,1.404615,1.391207,1.404615
51,3,1136.783569,622.080505,1208.183960,606.183838,1136.784546,620.751282,1208.178711,607.529358,1136.784546,620.751282,1208.178711,607.529358,1.329224,1.345530,1.329224,1.345530
51,5,795.025452,577.852844,912.948486,564.723450,795.026855,578.260437,912.946899,564.322449,795.026794,578.260376,912.946838,564.322449,0.407595,0.401004,0.407534,0.401004
51,6,1056.199097,577.861145,723.494141,564.422119,1056.198608,577.581421,723.494080,564.697632,1056.198486,577.581360,723.494080,564.697632,0.279725,0.275513,0.279786,0.275513
51,10,708.156555,525.650452,1183.848877,509.861877,708.062988,524.961304,1183.943726,510.545990,708.063049,524.961243,1183.943726,510.545990,0.695471,0.690656,0.695523,0.690656
52,5,990.141296,530.696960,628.971802,514.003601,990.155151,528.176697,628.970215,516.464783,990.155151,528.176697,628.970215,516.464783,2.520302,2.461182,2.520302,2.461182
52,6,1236.449707,523.985229,628.971802,514.003601,1236.450806,524.790222,628.966003,513.208130,1236.450806,524.790161,628.966064,513.208130,0.804993,0.795492,0.804932,0.795492
52,9,708.193909,525.638855,1183.886719,509.858276,708.101501,524.953735,1183.980469,510.538361,708.101440,524.953735,1183.980469,510.538361,0.691323,0.686516,0.691332,0.686516
53,6,708.141968,525.642273,1183.843506,509.855682,708.048767,524.954041,1183.937988,510.538849,708.048767,524.954041,1183.937988,510.538849,0.694514,0.689669,0.694514,0.689669
54,5,1236.433350,523.980408,628.952209,514.004944,1236.434448,524.788452,628.946411,513.206482,1236.434448,524.788391,628.946411,513.206482,0.808045,0.798483,0.807984,0.798483
54,8,708.174194,525.636414,1183.865845,509.854462,708.081543,524.950562,1183.959839,510.535278,708.081543,524.950562,1183.959839,510.535278,0.692082,0.687274,0.692082,0.687274
55,5,1236.441162,523.980896,628.961975,514.013245,1236.442261,524.792908,628.956177,513.210876,1236.442261,524.792847,628.956177,513.210876,0.812012,0.802389,0.811951,0.802389
55,8,708.183411,525.650024,1183.883545,509.861938,708.090027,524.961182,1183.978271,510.545746,708.090027,524.961121,1183.978271,510.545746,0.695144,0.690337,0.695204,0.690337
56,3,795.008179,577.856995,903.990479,560.378967,795.024658,576.043823,903.975769,562.162109,795.024597,576.043823,903.975708,562.162109,1.813246,1.783203,1.813246,1.783203
56,4,1041.058838,573.538757,723.478577,564.425842,1041.072876,575.442200,723.468140,562.552673,1041.072876,575.442139,723.468201,562.552673,1.903494,1.873198,1.903433,1.873198
56,7,1236.399658,523.969116,628.916016,514.012085,1236.400757,524.786316,628.910156,513.204590,1236.400757,524.786255,628.910156,513.204590,0.817200,0.807516,0.817139,0.807516
56,10,708.138123,525.648987,1183.838379,509.851471,708.043457,524.955261,1183.934326,510.540070,708.043457,524.955261,1183.934448,510.540100,0.700155,0.695251,0.700155,0.695298
57,3,795.052307,577.841553,905.292664,559.317139,795.080627,575.497864,905.266846,561.622253,795.080627,575.497803,905.266785,561.622253,2.343860,2.305259,2.343921,2.305260
57,4,1042.232910,572.466553,723.525085,564.417542,1042.254028,574.900330,723.508484,562.022278,1042.254028,574.900269,723.508484,562.022278,2.433868,2.395321,2.433807,2.395321
57,8,708.195129,525.634460,1183.890991,509.843719,708.101379,524.944214,1183.986084,510.528870,708.101379,524.944214,1183.986084,510.528900,0.696584,0.691718,0.696584,0.691748
58,3,795.018433,577.847534,906.138062,560.238342,795.036255,575.970215,906.122009,562.084778,795.036255,575.970215,906.122070,562.084839,1.877404,1.846505,1.877404,1.846566
58,4,1043.505005,573.405212,723.497375,564.419983,1043.519775,575.369202,723.486389,562.487000,1043.519775,575.369141,723.486389,562.487000,1.964045,1.933015,1.963984,1.933015
58,8,708.160156,525.640442,1183.853760,509.846985,708.065979,524.948792,1183.949219,510.533539,708.065918,524.948730,1183.949219,510.533569,0.698033,0.693159,0.698101,0.693189
59,3,795.019653,577.844177,904.688660,560.555664,795.034363,576.128174,904.675598,562.243408,795.034302,576.128113,904.675537,562.243408,1.716066,1.687795,1.716127,1.687795
59,4,1042.013062,573.721741,723.501343,564.422058,1042.026001,575.530518,723.491943,562.641968,1042.026001,575.530457,723.491882,562.641968,1.808823,1.780115,1.808762,1.780115
59,8,708.163147,525.639771,1183.858521,509.852875,708.069824,524.951416,1183.953125,510.536163,708.069885,524.951416,1183.953125,510.536163,0.694652,0.689807,0.694644,0.689807
60,5,1236.448486,523.978271,628.961792,513.998779,1236.449463,524.784241,628.955994,513.202332,1236.449585,524.784241,628.956055,513.202332,0.805970,0.796469,0.805970,0.796468
60,8,708.184692,525.635254,1183.886597,509.854218,708.092285,524.949890,1183.980347,510.534546,708.092285,524.949890,1183.980347,510.534546,0.691565,0.686757,0.691565,0.686757
61,6,1236.412354,523.978210,628.932922,514.005432,1236.413452,524.787537,628.927124,513.205688,1236.413452,524.787476,628.927124,513.205688,0.809327,0.799765,0.809266,0.799765
61,9,708.149719,525.647034,1183.847290,509.844208,708.054321,524.950684,1183.944092,510.535431,708.054321,524.950623,1183.944092,510.535461,0.702854,0.697968,0.702915,0.697999
61,11,974.325684,516.497253,1255.421265,496.993500,974.387329,514.124756,1255.369385,499.382385,974.387268,514.124756,1255.369507,499.382416,2.373298,2.389449,2.373297,2.389477
62,4,708.184631,525.638062,1183.885498,509.858459,708.092407,524.953430,1183.979004,510.538055,708.092407,524.953430,1183.979126,510.538055,0.690815,0.685999,0.690815,0.686015
63,3,1236.414185,523.981445,628.931702,513.999878,1236.415161,524.786316,628.925964,513.204529,1236.415283,524.786316,628.925903,513.204529,0.804871,0.795370,0.804871,0.795370
63,6,708.153320,525.634827,1183.851440,509.852783,708.060730,524.948853,1183.945435,510.533661,708.060669,524.948853,1183.945312,510.533691,0.692195,0.687335,0.692203,0.687348
64,3,1236.424805,523.985107,628.948608,514.007568,1236.425903,524.792114,628.942871,513.210144,1236.425903,524.792053,628.942810,513.210144,0.807008,0.797445,0.806947,0.797445
64,6,708.171326,525.642822,1183.872437,509.858612,708.078430,524.955872,1183.966553,510.540497,708.078491,524.955872,1183.966675,510.540527,0.693203,0.688349,0.693195,0.688396
65,4,708.167847,525.634644,1183.876221,509.855804,708.075806,524.950378,1183.969604,510.535034,708.075806,524.950378,1183.969604,510.535065,0.690428,0.685619,0.690428,0.685649
65,5,708.167847,525.634644,892.009277,509.493286,708.184204,524.044495,892.000000,511.051331,708.184265,524.044495,892.000000,511.051361,1.590233,1.558072,1.590234,1.558103
65,6,1020.381287,522.338867,628.952515,514.005188,1020.387878,523.994019,628.936890,512.386719,1020.387878,523.994019,628.936890,512.386780,1.655164,1.618545,1.655164,1.618484
65,7,1020.381287,522.338867,1183.876221,509.855804,1020.387085,523.258606,1183.866455,508.930695,1020.387085,523.258606,1183.866455,508.930725,0.919757,0.925161,0.919757,0.925131
66,3,1236.424194,523.976807,628.939270,514.004822,1236.425171,524.786499,628.933472,513.204651,1236.425293,524.786499,628.933472,513.204712,0.809693,0.800192,0.809693,0.800131
66,5,1236.424194,523.976807,891.812317,510.270844,1236.424683,523.561157,891.814026,510.687592,1236.424683,523.561157,891.814026,510.687622,0.415650,0.416752,0.415650,0.416782
66,7,708.154358,525.643555,1183.854858,509.842255,708.059143,524.947937,1183.951416,510.532715,708.059143,524.947937,1183.951416,510.532745,0.702104,0.697179,0.702104,0.697209
66,8,708.154358,525.643555,891.812317,510.270844,708.163391,524.445251,891.808533,511.444916,708.163391,524.445251,891.808533,511.444946,1.198337,1.174078,1.198337,1.174109
66,9,1020.379395,523.090149,628.939270,514.004822,1020.383423,524.369446,628.928284,512.753845,1020.383423,524.369446,628.928284,512.753906,1.279303,1.251025,1.279303,1.250964
66,10,1020.379395,523.090149,1183.854858,509.842255,1020.381470,523.627441,1183.850464,509.301788,1020.381409,523.627441,1183.850464,509.301819,0.537296,0.540484,0.537296,0.540454
67,4,708.187744,525.642761,1183.894409,509.857635,708.094849,524.955383,1183.988647,510.539917,708.094788,524.955383,1183.988647,510.539948,0.693627,0.688759,0.693635,0.688789
67,5,708.187744,525.642761,891.730957,511.223083,708.190674,524.930603,891.731079,511.920807,708.190674,524.930603,891.731018,511.920837,0.712164,0.697723,0.712164,0.697754
67,6,1020.450623,524.056641,628.968018,514.005615,1020.452332,524.853149,628.962036,513.226746,1020.452271,524.853149,628.962036,513.226746,0.796511,0.778893,0.796510,0.778893
68,4,708.153503,525.637390,891.146667,512.223938,708.153625,525.437256,891.147339,512.420044,708.153625,525.437195,891.147400,512.420044,0.200134,0.196107,0.200195,0.196107
68,5,708.153503,525.637390,1183.853760,509.858063,708.061279,524.952820,1183.947266,510.537567,708.061279,524.952820,1183.947266,510.537598,0.690755,0.685908,0.690755,0.685938
68,6,1019.948853,525.076965,628.940857,513.999023,1019.949158,525.359924,628.939087,513.722290,1019.949097,525.359924,628.939087,513.722290,0.282959,0.276739,0.282959,0.276739
68,8,1019.948853,525.076965,1183.853760,509.858063,1019.950073,524.628784,1183.854370,510.308838,1019.950073,524.628784,1183.854370,510.308868,0.448183,0.450776,0.448183,0.450806
69,3,1236.429077,523.980164,628.943237,513.996643,1236.430054,524.784058,628.937500,513.202209,1236.430176,524.784058,628.937500,513.202271,0.803895,0.794454,0.803895,0.794393
69,4,1236.429077,523.980164,891.096252,513.064575,1236.431274,524.954163,891.088928,512.087952,1236.431274,524.954163,891.088928,512.087952,0.974002,0.976651,0.974002,0.976651
69,6,1019.751038,525.920593,628.943237,513.996643,1019.751038,525.780579,628.944031,514.133484,1019.751038,525.780579,628.943970,514.133545,0.140015,0.136843,0.140015,0.136904
69,8,1019.751038,525.920593,1183.867188,509.845978,1019.755920,525.044617,1183.865845,510.727051,1019.755920,525.044617,1183.865967,510.727081,0.875990,0.881074,0.875990,0.881104
69,10,708.170593,525.636841,891.096252,513.064575,708.171143,525.865845,891.094788,512.840210,708.171143,525.865845,891.094727,512.840210,0.229005,0.224370,0.229005,0.224370
69,11,708.170593,525.636841,1183.867188,509.845978,708.076782,524.946472,1183.962280,510.531219,708.076782,524.946472,1183.962280,510.531250,0.696713,0.691808,0.696713,0.691839
70,4,1019.774109,529.173523,628.958496,514.002747,1019.780579,527.410217,628.960938,515.726929,1019.780518,527.410217,628.960938,515.726990,1.763318,1.724184,1.763317,1.724245
70,5,1236.436035,523.974731,628.958496,514.002747,1236.437134,524.784485,628.952698,513.202576,1236.437134,524.784485,628.952698,513.202576,0.809754,0.800192,0.809754,0.800192
70,7,708.175415,525.636353,891.222412,516.305359,708.201904,527.519775,891.189026,514.460205,708.201904,527.519775,891.189026,514.460266,1.883609,1.845456,1.883609,1.845395
70,9,708.175415,525.636353,1183.881226,509.852570,708.082642,524.949585,1183.975220,510.534241,708.082642,524.949585,1183.975342,510.534271,0.693005,0.688121,0.693005,0.688168
70,10,959.555969,508.075195,1255.446899,496.991119,959.595764,509.910370,1255.398438,495.144989,959.595825,509.910339,1255.398438,495.145020,1.835606,1.846766,1.835577,1.846736
71,4,1019.304565,528.901917,628.933472,514.007568,1019.309998,527.276917,628.936218,515.596558,1019.309998,527.276855,628.936218,515.596558,1.625009,1.588992,1.625070,1.588992
71,5,1019.304565,528.901917,1183.848267,509.857513,1019.341064,526.541077,1183.821167,512.232239,1019.341064,526.541016,1183.821167,512.232300,2.361122,2.374880,2.361183,2.374941
71,6,1236.411011,523.986694,891.433350,516.039734,1236.425781,526.441772,891.406189,513.578064,1236.425781,526.441772,891.406189,513.578125,2.455123,2.461820,2.455123,2.461759
71,7,1236.411011,523.986694,628.933472,514.007568,1236.412109,524.792847,628.927673,513.210938,1236.412109,524.792847,628.927734,513.210938,0.806153,0.796652,0.806153,0.796652
71,9,708.147461,525.646912,891.433350,516.039734,708.170288,527.390015,891.404053,514.332031,708.170288,527.390015,891.404053,514.332092,1.743252,1.707954,1.743252,1.707893
71,11,708.147461,525.646912,1183.848267,509.857513,708.053894,524.957275,1183.943115,510.542023,708.053894,524.957275,1183.943115,510.542053,0.695955,0.691049,0.695955,0.691080
71,12,959.032654,508.365906,1255.418457,497.000153,959.066711,510.060059,1255.376465,495.295929,959.066711,510.060028,1255.376465,495.295959,1.694495,1.704741,1.694465,1.704710
72,4,1019.765076,527.506042,628.960327,514.006531,1019.766724,526.578430,628.963379,514.913574,1019.766724,526.578430,628.963501,514.913574,0.927614,0.907049,0.927614,0.907049
72,5,1019.765076,527.506042,1183.883423,509.856079,1019.783020,525.842407,1183.872192,511.529449,1019.783020,525.842407,1183.872192,511.529480,1.663732,1.673408,1.663732,1.673439
72,6,1236.440918,523.976379,892.086792,514.643188,1236.448364,525.741821,892.070190,512.872986,1236.448486,525.741760,892.070129,512.872986,1.765458,1.770280,1.765397,1.770281
72,7,1236.440918,523.976379,628.960327,514.006531,1236.442017,524.787231,628.954468,513.205261,1236.442017,524.787231,628.954529,513.205261,0.810853,0.801291,0.810853,0.801291
72,9,708.181274,525.644104,892.086792,514.643188,708.189697,526.677490,892.074402,513.630737,708.189697,526.677490,892.074402,513.630737,1.033421,1.012527,1.033421,1.012527
72,11,708.181274,525.644104,1183.883423,509.856079,708.087952,524.955261,1183.978149,510.539856,708.087891,524.955261,1183.978027,510.539886,0.695136,0.690307,0.695144,0.690321
73,4,708.171021,525.635925,895.249023,511.895325,708.171631,525.278992,895.249939,512.245117,708.171631,525.278931,895.249939,512.245117,0.356934,0.349794,0.356995,0.349794
73,5,708.171021,525.635925,1183.869141,509.851868,708.078125,524.949036,1183.963379,510.533722,708.078186,524.948975,1183.963379,510.533752,0.693143,0.688336,0.693195,0.688366
73,6,1023.026855,524.775269,628.947021,514.004822,1023.027405,525.211670,628.944153,513.578064,1023.027405,525.211670,628.944092,513.578064,0.436402,0.426767,0.436402,0.426768
73,8,1023.026855,524.775269,1183.869141,509.851868,1023.027344,524.474548,1183.869873,510.154358,1023.027405,524.474548,1183.869873,510.154388,0.300721,0.302491,0.300721,0.302522
74,3,1236.418213,523.976379,628.934448,513.999207,1236.419312,524.783447,628.928650,513.201660,1236.419312,524.783447,628.928650,513.201660,0.807069,0.797567,0.807069,0.797567
74,4,1236.418213,523.976379,901.813904,513.915344,1236.423218,525.401917,901.801636,512.485168,1236.423096,525.401917,901.801575,512.485229,1.425546,1.430228,1.425545,1.430168
74,6,1031.197388,526.840210,628.934448,513.999207,1031.198120,526.240051,628.936951,514.586304,1031.197998,526.240051,628.936951,514.586365,0.600159,0.587103,0.600159,0.587164
74,8,1031.197388,526.840210,1183.864258,509.844971,1031.208618,525.502747,1183.858643,511.191010,1031.208496,525.502686,1183.858643,511.191010,1.337511,1.346051,1.337571,1.346051
74,10,708.161682,525.638306,901.813904,513.915344,708.165710,526.326782,901.807129,513.240479,708.165710,526.326721,901.807129,513.240540,0.688488,0.674900,0.688427,0.674839
74,11,708.161682,525.638306,1183.864258,509.844971,708.067566,524.946716,1183.959717,510.531464,708.067566,524.946716,1183.959717,510.531464,0.697964,0.693098,0.697964,0.693098
75,5,1236.449219,523.962646,628.964355,513.988220,1236.450195,524.771118,628.958618,513.189331,1236.450317,524.771118,628.958557,513.189331,0.808472,0.798910,0.808472,0.798910
75,8,708.186584,525.629822,1183.880737,509.847229,708.093933,524.943665,1183.974731,510.528320,708.093872,524.943604,1183.974731,510.528351,0.692384,0.687547,0.692453,0.687577
76,6,708.165405,525.640808,1183.859741,509.855652,708.072327,524.953369,1183.953979,510.538055,708.072327,524.953308,1183.954102,510.538086,0.693712,0.688880,0.693772,0.688927
77,6,708.193787,525.638123,1183.884277,509.849457,708.100220,524.948914,1183.979126,510.533569,708.100220,524.948914,1183.979126,510.533600,0.695531,0.690656,0.695531,0.690687
78,5,708.179810,525.638489,1183.877075,509.855225,708.087036,524.952026,1183.971191,510.536652,708.087036,524.951965,1183.971191,510.536682,0.692703,0.687896,0.692764,0.687926
78,6,708.179810,525.638489,846.198120,508.655212,708.205566,523.500671,846.182373,510.744904,708.205505,523.500671,846.182373,510.744904,2.137973,2.089750,2.137972,2.089750
78,7,971.064575,521.223938,628.952515,514.003113,971.077148,523.442749,628.927856,511.838318,971.077148,523.442749,628.927917,511.838348,2.218847,2.164935,2.218847,2.164904
78,8,971.064575,521.223938,1183.877075,509.855225,971.082520,522.706482,1183.852905,508.367340,971.082520,522.706482,1183.852783,508.367401,1.482653,1.488081,1.482653,1.488022
79,4,1236.412109,523.979553,628.927307,514.011047,1236.413208,524.791016,628.921509,513.209167,1236.413208,524.791016,628.921509,513.209167,0.811463,0.801901,0.811463,0.801901
79,5,1236.412109,523.979553,840.350952,514.768372,1236.418579,525.683716,840.335510,513.064209,1236.418701,525.683716,840.335449,513.064209,1.704175,1.704233,1.704175,1.704233
79,7,965.723938,527.387573,628.927307,514.011047,965.725403,526.529358,628.930176,514.848206,965.725342,526.529358,628.930237,514.848206,0.858217,0.837163,0.858216,0.837163
79,9,965.723938,527.387573,1183.850098,509.858215,965.744080,525.790344,1183.836304,511.460968,965.744080,525.790344,1183.836304,511.460999,1.597356,1.602812,1.597356,1.602843
79,11,708.148804,525.648193,840.350952,514.768372,708.155212,526.618530,840.340698,513.820312,708.155212,526.618469,840.340637,513.820312,0.970358,0.948115,0.970297,0.948115
79,12,708.148804,525.648193,1183.850098,509.858215,708.055176,524.958313,1183.945068,510.543030,708.055115,524.958252,1183.945068,510.543030,0.696205,0.691368,0.696273,0.691368
80,4,1236.448975,523.973755,628.961426,513.989685,1236.449951,524.777405,628.955688,513.195557,1236.450073,524.777405,628.955688,513.195557,0.803650,0.794149,0.803651,0.794149
80,5,1236.448975,523.973755,848.423462,513.023071,1236.450562,524.827698,848.417297,512.168762,1236.450562,524.827698,848.417297,512.168762,0.853944,0.854331,0.853944,0.854331
80,9,975.685425,525.661072,1183.898193,509.842102,975.689453,524.918030,1183.897217,510.588043,975.689514,524.917969,1183.897217,510.588074,0.743053,0.745942,0.743114,0.745972
80,11,708.196472,525.629822,848.423462,513.023071,708.196594,525.736145,848.422852,512.919128,708.196655,525.736145,848.422852,512.919128,0.106323,0.103945,0.106323,0.103945
80,12,708.196472,525.629822,1183.898193,509.842102,708.103149,524.941101,1183.992920,510.525726,708.103149,524.941101,1183.992798,510.525757,0.695015,0.690156,0.695015,0.690169
81,4,973.061462,525.909607,628.949097,514.008606,973.061462,525.788086,628.949707,514.127197,973.061462,525.788025,628.949768,514.127197,0.121521,0.118593,0.121582,0.118593
81,6,973.061462,525.909607,1183.875000,509.844055,973.067078,525.043518,1183.872925,510.713409,973.067078,525.043457,1183.872925,510.713440,0.866107,0.869357,0.866168,0.869387
81,8,708.175171,525.640381,846.851990,513.259521,708.175659,525.858521,846.850586,513.046326,708.175659,525.858521,846.850647,513.046326,0.218140,0.213200,0.218140,0.213200
81,9,708.175171,525.640381,1183.875000,509.844055,708.080688,524.947327,1183.970825,510.532013,708.080627,524.947327,1183.970825,510.532013,0.699465,0.694599,0.699473,0.694599
82,4,1236.431274,523.977173,628.944275,514.001221,1236.432373,524.784912,628.938538,513.203064,1236.432373,524.784851,628.938477,513.203064,0.807740,0.798177,0.807679,0.798178
82,7,708.177612,525.640015,1183.868408,509.853729,708.084412,524.951965,1183.963013,510.536682,708.084412,524.951965,1183.963013,510.536713,0.694333,0.689474,0.694333,0.689504
83,4,708.163879,525.655579,1183.862061,509.855316,708.068848,524.960571,1183.958374,510.545197,708.068848,524.960510,1183.958496,510.545227,0.701474,0.696571,0.701535,0.696618
83,5,1019.377991,520.169495,1183.862061,509.855316,1019.405151,522.173767,1183.825928,507.839569,1019.405151,522.173767,1183.825928,507.839569,2.004456,2.016071,2.004456,2.016071
84,0,1249.477661,621.027344,1208.184937,606.191284,1249.474121,619.948181,1208.183350,607.289978,1249.474121,619.948120,1208.183350,607.289978,1.079168,1.098695,1.079229,1.098695
84,2,1146.186523,580.378113,723.496704,564.432556,1146.186890,578.722656,723.491333,566.069885,1146.186890,578.722595,723.491333,566.069885,1.655457,1.637338,1.655518,1.637338
84,3,795.025635,577.859863,1027.799072,567.171082,795.054443,579.630554,1027.768311,565.419006,795.054382,579.630493,1027.768311,565.419067,1.770925,1.752345,1.770863,1.752284
84,8,708.158813,525.658203,1183.858887,509.864502,708.064697,524.966492,1183.954346,510.551117,708.064636,524.966492,1183.954346,510.551147,0.698085,0.693219,0.698093,0.693249
85,2,1146.341553,580.736328,723.528442,564.436829,1146.342651,578.903748,723.521729,566.249329,1146.342651,578.903687,723.521729,566.249329,1.832581,1.812512,1.832642,1.812512
85,3,795.068848,577.860291,1030.519531,567.556519,795.104614,579.828430,1030.481689,565.608826,795.104553,579.828430,1030.481689,565.608826,1.968465,1.948060,1.968464,1.948060
85,8,708.206177,525.657654,1183.903076,509.868042,708.112549,524.968079,1183.997925,510.552521,708.112610,524.968079,1183.998047,510.552551,0.695902,0.691019,0.695894,0.691066
86,3,1028.469482,580.293457,723.495300,564.414856,1028.471069,578.830627,723.490479,565.853577,1028.471069,578.830627,723.490540,565.853577,1.462830,1.438729,1.462830,1.438729
86,4,795.025024,577.835144,898.675110,567.089661,795.040833,579.439148,898.658813,565.512573,795.040833,579.439148,898.658813,565.512573,1.604082,1.577172,1.604082,1.577172
86,8,708.162231,525.636719,1183.861938,509.841187,708.067749,524.944031,1183.957642,510.528778,708.067810,524.943970,1183.957642,510.528809,0.699102,0.694220,0.699154,0.694250
87,3,1027.947998,581.397766,723.510071,564.405273,1027.953003,579.378601,723.500488,566.391113,1027.953003,579.378601,723.500549,566.391113,2.019171,1.985863,2.019171,1.985863
87,4,795.038757,577.830505,898.463074,568.191101,795.066711,579.996704,898.434570,566.061279,795.066772,579.996643,898.434570,566.061279,2.166379,2.130012,2.166319,2.130012
87,8,708.176514,525.631348,1183.879150,509.837616,708.082336,524.939575,1183.974609,510.524292,708.082397,524.939575,1183.974609,510.524323,0.698154,0.693279,0.698145,0.693310
88,3,1027.994507,581.511169,723.533386,564.424683,1027.999878,579.445129,723.523315,566.456604,1027.999878,579.445129,723.523376,566.456604,2.066047,2.031946,2.066047,2.031946
88,4,795.065002,577.847961,898.465210,568.288879,795.093994,580.055115,898.435730,566.118774,795.094055,580.055054,898.435730,566.118774,2.207344,2.170305,2.207283,2.170305
88,7,1236.464600,523.982849,628.978821,514.005920,1236.465698,524.790161,628.973083,513.208069,1236.465698,524.790161,628.973022,513.208130,0.807313,0.797872,0.807313,0.797812
88,10,708.203369,525.643860,1183.897827,509.851624,708.109436,524.952942,1183.993042,510.537476,708.109375,524.952881,1183.993164,510.537506,0.697274,0.692430,0.697343,0.692477
89,3,1028.015625,581.566406,723.489319,564.430176,1028.021240,579.475464,723.479004,566.486572,1028.021240,579.475464,723.479004,566.486572,2.090950,2.056422,2.090950,2.056422
89,4,795.016602,577.856018,898.268311,568.339539,795.046204,580.084717,898.238281,566.148193,795.046143,580.084717,898.238281,566.148254,2.228895,2.191551,2.228895,2.191490
89,8,708.150269,525.652100,1183.854370,509.863800,708.056885,524.963074,1183.948975,510.547729,708.056885,524.963074,1183.949097,510.547760,0.695325,0.690442,0.695325,0.690488
90,3,1027.841675,581.836731,723.516785,564.421875,1027.848389,579.606689,723.504944,566.615112,1027.848389,579.606628,723.504944,566.615112,2.230052,2.193269,2.230113,2.193269
90,4,795.046021,577.843384,898.105896,568.618164,795.079468,580.219910,898.072083,566.281555,795.079468,580.219910,898.072083,566.281555,2.376761,2.336854,2.376761,2.336854
90,8,708.178589,525.630432,1183.877930,509.850250,708.086243,524.945496,1183.971558,510.530182,708.086243,524.945435,1183.971558,510.530182,0.691134,0.686348,0.691194,0.686348
91,3,1027.983765,582.224976,723.509521,564.429260,1027.992188,579.804321,723.495483,566.809875,1027.992188,579.804321,723.495483,566.809937,2.420669,2.380657,2.420669,2.380718
91,6,1236.440308,523.972961,628.954407,514.014832,1236.441406,524.789734,628.948547,513.207764,1236.441406,524.789673,628.948547,513.207764,0.816773,0.807089,0.816712,0.807089
91,9,708.181335,525.647339,1183.879517,509.861176,708.088196,524.959412,1183.973999,510.544037,708.088196,524.959412,1183.973999,510.544037,0.694204,0.689367,0.694204,0.689367
92,5,1236.400879,523.987061,628.914062,514.014587,1236.401978,524.796570,628.908325,513.214722,1236.401978,524.796509,628.908203,513.214722,0.809510,0.799886,0.809449,0.799887
92,8,708.136292,525.643616,1183.843018,509.856750,708.043091,524.955261,1183.937500,510.540039,708.043091,524.955261,1183.937500,510.540039,0.694635,0.689790,0.694635,0.689790
93,6,708.205811,525.642090,1183.906006,509.858978,708.113098,524.955750,1184.000000,510.540253,708.113098,524.955750,1184.000000,510.540283,0.692574,0.687728,0.692574,0.687758
94,5,1236.406860,523.969421,628.925537,514.008972,1236.407959,524.784912,628.919678,513.203125,1236.407959,524.784912,628.919678,513.203125,0.815491,0.805868,0.815491,0.805868
94,8,708.140015,525.648132,1183.840088,509.846161,708.044739,524.952148,1183.936768,510.536987,708.044678,524.952148,1183.936768,510.536987,0.702475,0.697559,0.702483,0.697559
95,6,708.199585,525.634094,1183.898926,509.851959,708.106995,524.948181,1183.992798,510.532806,708.106995,524.948181,1183.992798,510.532806,0.692134,0.687288,0.692134,0.687288
96,5,1236.406860,523.986450,628.925049,514.012329,1236.407959,524.795105,628.919250,513.213257,1236.407959,524.795105,628.919250,513.213257,0.808656,0.799093,0.808656,0.799093
96,8,708.138794,525.643860,1183.844116,509.848724,708.044434,524.951355,1183.939819,510.536133,708.044495,524.951294,1183.939819,510.536163,0.698904,0.694039,0.698956,0.694069
97,5,1236.444092,523.982117,628.960876,514.005737,1236.445190,524.789673,628.955078,513.207703,1236.445190,524.789673,628.955078,513.207703,0.807557,0.798056,0.807557,0.798056
97,8,708.181580,525.645935,1183.884644,509.853210,708.087646,524.954712,1183.979980,510.539337,708.087585,524.954712,1183.979980,510.539337,0.697576,0.692719,0.697585,0.692719
98,6,708.172424,525.649292,1183.876099,509.857056,708.078491,524.958313,1183.971313,510.542908,708.078491,524.958313,1183.971313,510.542938,0.697335,0.692430,0.697335,0.692460
99,5,1236.418457,523.978821,628.931213,514.010437,1236.419556,524.790405,628.925354,513.208496,1236.419556,524.790344,628.925354,513.208496,0.811585,0.801962,0.811524,0.801962
99,8,708.145752,525.651794,1183.842163,509.850037,708.050415,524.955994,1183.938721,510.540741,708.050415,524.955933,1183.938721,510.540741,0.702302,0.697421,0.702362,0.697421
100,6,708.200134,525.641052,1183.896729,509.861053,708.107849,524.956238,1183.990356,510.540802,708.107849,524.956238,1183.990356,510.540833,0.691005,0.686166,0.691005,0.686197
101,3,1026.542480,582.301270,723.479675,564.434692,1026.551270,579.847107,723.465149,566.848145,1026.551270,579.847107,723.465210,566.848145,2.454178,2.413496,2.454178,2.413495
101,6,1236.403931,523.993164,628.925171,514.012024,1236.404907,524.798340,628.919373,513.216431,1236.405029,524.798279,628.919434,513.216431,0.805176,0.795614,0.805115,0.795614
101,9,708.145081,525.654114,1183.839966,509.854492,708.050049,524.959351,1183.936279,510.544128,708.050049,524.959351,1183.936279,510.544128,0.701232,0.696329,0.701232,0.696329
102,0,1249.597290,620.330811,1208.223389,606.182861,1249.593872,619.595520,1208.223389,606.931519,1249.593872,619.595459,1208.223389,606.931519,0.735298,0.748657,0.735360,0.748657
102,3,795.065125,577.855896,893.917053,564.380249,795.065552,578.066406,893.916443,564.173279,795.065613,578.066406,893.916504,564.173279,0.210511,0.206971,0.210511,0.206971
102,8,708.199219,525.639404,1183.896362,509.863708,708.107483,524.956787,1183.989380,510.541290,708.107483,524.956726,1183.989380,510.541321,0.688754,0.683937,0.688814,0.683967
103,0,1249.788696,618.547607,1208.205811,606.187256,1249.790039,618.705505,1208.205200,606.026489,1249.789917,618.705505,1208.205200,606.026489,0.157904,0.160768,0.157903,0.160768
103,6,708.177063,525.649170,1183.881836,509.857880,708.083252,524.958679,1183.976929,510.543243,708.083313,524.958679,1183.976929,510.543304,0.696834,0.691929,0.696826,0.691990
104,5,1236.407715,523.982605,628.924194,514.009583,1236.408691,524.791809,628.918396,513.209961,1236.408813,524.791809,628.918396,513.209961,0.809205,0.799643,0.809205,0.799643
104,8,708.142334,525.651489,1183.842896,509.850586,708.047180,524.956116,1183.939453,510.540863,708.047180,524.956055,1183.939331,510.540863,0.701854,0.696998,0.701914,0.696981
105,6,708.196533,525.641785,1183.896240,509.856995,708.103577,524.954590,1183.990479,510.539124,708.103577,524.954590,1183.990479,510.539154,0.693453,0.688608,0.693453,0.688638
106,6,708.147400,525.647034,1183.846436,509.847900,708.052490,524.952515,1183.942627,510.537292,708.052490,524.952515,1183.942749,510.537323,0.700974,0.696071,0.700974,0.696118
107,4,1236.440552,523.976807,628.959961,514.006348,1236.441528,524.787354,628.954163,513.205383,1236.441650,524.787354,628.954163,513.205383,0.810547,0.800985,0.810548,0.800985
107,6,1236.440552,523.976807,847.875488,508.536530,1236.445435,522.585693,847.878540,509.928314,1236.445557,522.585632,847.878540,509.928314,1.391122,1.391788,1.391183,1.391788
107,8,708.185120,525.642883,1183.882690,509.857300,708.092102,524.955261,1183.977051,510.539856,708.092041,524.955261,1183.977051,510.539886,0.693885,0.689048,0.693893,0.689078
107,9,708.185120,525.642883,847.875488,508.536530,708.212463,523.446533,847.858459,510.683655,708.212463,523.446472,847.858459,510.683655,2.196520,2.147193,2.196581,2.147193
107,10,956.618530,521.099121,628.959961,514.006348,956.632141,523.384216,628.934082,511.778320,956.632141,523.384216,628.934021,511.778290,2.285136,2.228178,2.285136,2.228209
107,11,956.618530,521.099121,1183.882690,509.857300,956.639282,522.646851,1183.855469,508.305023,956.639282,522.646851,1183.855347,508.305023,1.547869,1.552515,1.547869,1.552517
108,4,708.171021,525.645203,1183.879395,509.856049,708.077576,524.955811,1183.974121,510.540405,708.077576,524.955750,1183.974121,510.540405,0.695696,0.690881,0.695757,0.690881
108,6,1017.214050,512.599854,1255.444702,497.001495,1017.215637,512.187012,1255.444946,497.417908,1017.215698,512.187012,1255.444946,497.417938,0.412845,0.416412,0.412845,0.416443
109,4,708.154541,525.647949,1183.853394,509.864929,708.061829,524.961548,1183.947510,510.546234,708.061829,524.961548,1183.947388,510.546265,0.692634,0.687775,0.692634,0.687788
110,1,1105.255615,622.706604,1208.230713,606.177490,1105.260498,621.136902,1208.221313,607.764038,1105.260498,621.136841,1208.221436,607.764038,1.569710,1.586576,1.569771,1.586575
110,2,1249.776733,618.838257,974.345764,609.535645,1249.796143,620.454102,974.339172,607.907593,1249.796021,620.454102,974.339111,607.907593,1.615961,1.628065,1.615960,1.628065
110,5,1236.464478,523.973022,628.974243,514.000549,1236.465576,524.782532,628.968445,513.200562,1236.465576,524.782532,628.968445,513.200623,0.809510,0.800009,0.809510,0.799948
110,8,708.201416,525.633972,1183.901245,509.853699,708.109131,524.949036,1183.994873,510.533600,708.109070,524.949036,1183.994873,510.533630,0.691126,0.686318,0.691134,0.686348
111,4,708.150696,525.653137,1183.848022,509.853638,708.055725,524.958496,1183.944336,510.543182,708.055725,524.958435,1183.944336,510.543213,0.701103,0.696239,0.701164,0.696269
111,8,1087.295044,468.936676,742.911682,454.389618,1087.305542,467.377991,742.922363,455.928772,1087.305542,467.377960,742.922363,455.928802,1.558721,1.539191,1.558751,1.539222
111,9,825.446960,465.094208,979.313721,455.689850,825.464722,466.763245,979.283020,454.040344,825.464783,466.763214,979.283020,454.040344,1.669131,1.649791,1.669102,1.649791
112,4,1236.439819,523.992554,628.960876,514.009827,1236.440918,524.796997,628.955139,513.214905,1236.440918,524.796936,628.955139,513.214905,0.804444,0.794943,0.804383,0.794943
112,7,708.187805,525.648926,1183.881470,509.860596,708.094299,524.959961,1183.976196,510.544525,708.094360,524.959900,1183.976318,510.544525,0.695281,0.690458,0.695333,0.690475
113,4,1236.429321,523.985962,628.945435,514.006165,1236.430420,524.791809,628.939697,513.209839,1236.430420,524.791809,628.939636,513.209839,0.805848,0.796346,0.805848,0.796347
113,7,708.176208,525.648071,1183.870850,509.856293,708.082275,524.957336,1183.966064,510.541962,708.082275,524.957275,1183.966064,510.541962,0.697093,0.692248,0.697153,0.692248
114,4,1236.423218,523.977722,628.942322,514.005127,1236.424316,524.787170,628.936523,513.205261,1236.424316,524.787109,628.936523,513.205261,0.809449,0.799887,0.809388,0.799887
114,7,708.161987,525.640808,1183.866699,509.847900,708.067993,524.949463,1183.961914,510.534149,708.067932,524.949402,1183.962036,510.534180,0.697706,0.692823,0.697774,0.692870
114,8,1137.980957,510.416901,1255.431641,496.993683,1137.983154,511.115234,1255.425659,496.285278,1137.983154,511.115234,1255.425659,496.285309,0.698337,0.708430,0.698337,0.708399
115,5,708.194519,525.630676,1183.894287,509.851501,708.102356,524.946289,1183.987793,510.530884,708.102295,524.946228,1183.987793,510.530884,0.690565,0.685787,0.690634,0.685787
116,4,1236.401489,523.980957,628.920654,514.014221,1236.402588,524.793335,628.914856,513.211487,1236.402588,524.793274,628.914856,513.211487,0.812379,0.802755,0.812318,0.802755
116,7,708.143738,525.645569,1183.843506,509.857117,708.050232,524.956421,1183.938232,510.541199,708.050232,524.956421,1183.938232,510.541199,0.695463,0.690609,0.695463,0.690609
117,3,708.193420,525.638184,1183.895020,509.851410,708.100281,524.949951,1183.989502,510.534546,708.100220,524.949951,1183.989502,510.534576,0.694506,0.689639,0.694514,0.689669
118,3,708.162598,525.644531,1183.856934,509.862579,708.070007,524.958679,1183.950928,510.543396,708.069946,524.958679,1183.950806,510.543396,0.692074,0.687274,0.692082,0.687258
119,3,1236.421021,523.981995,628.940491,514.008667,1236.422119,524.791077,628.934692,513.209167,1236.422119,524.791077,628.934692,513.209167,0.809083,0.799521,0.809083,0.799521
119,6,708.161194,525.651001,1183.858276,509.854797,708.066650,524.958008,1183.954102,510.542694,708.066650,524.958008,1183.954102,510.542694,0.699413,0.694539,0.699413,0.694539
120,0,1098.944458,675.555542,984.988098,658.565002,1098.940552,673.703552,984.971069,660.417358,1098.940552,673.703552,984.971069,660.417419,1.851994,1.852434,1.851994,1.852495
120,3,1236.445923,523.987976,628.961487,514.011902,1236.447021,524.795776,628.955688,513.213684,1236.447021,524.795715,628.955688,513.213684,0.807801,0.798239,0.807740,0.798239
120,6,708.191284,525.654358,1183.888184,509.862274,708.097351,524.963501,1183.983521,510.548004,708.097351,524.963501,1183.983398,510.548065,0.697214,0.692326,0.697214,0.692369
121,4,708.153198,525.648926,1183.854736,509.863647,708.060242,524.961426,1183.949097,510.546112,708.060181,524.961365,1183.949097,510.546112,0.693756,0.688957,0.693825,0.688957
122,2,1236.450195,523.986511,628.969910,514.007385,1236.451294,524.792725,628.964111,513.210693,1236.451294,524.792725,628.964111,513.210693,0.806214,0.796713,0.806214,0.796713
122,5,708.198730,525.642761,1183.894165,509.852753,708.105042,524.952942,1183.989136,510.537476,708.105042,524.952881,1183.989136,510.537506,0.696153,0.691278,0.696213,0.691308
123,5,708.146973,525.647949,1183.846558,509.859802,708.053589,524.958984,1183.941284,510.543701,708.053528,524.958923,1183.941284,510.543732,0.695265,0.690428,0.695333,0.690458
123,6,1066.288330,511.067932,1255.423706,497.000397,1066.289185,511.429352,1255.421143,496.635040,1066.289062,511.429321,1255.421143,496.635040,0.361421,0.365365,0.361390,0.365365
124,4,1236.445312,523.977295,628.965332,514.006042,1236.446411,524.787476,628.959473,513.205444,1236.446411,524.787415,628.959534,513.205444,0.810181,0.800620,0.810120,0.800619
124,7,708.179443,525.641785,1183.881836,509.850891,708.085754,524.951477,1183.976929,510.536133,708.085693,524.951477,1183.976929,510.536133,0.696636,0.691808,0.696645,0.691808
124,9,1047.930542,515.066833,1255.449219,497.000000,1047.952148,513.425232,1255.435059,498.658295,1047.952148,513.425232,1255.435059,498.658295,1.641744,1.658355,1.641744,1.658355
125,4,1236.433960,523.975220,628.947876,514.006165,1236.435059,524.786438,628.942017,513.204529,1236.435059,524.786438,628.942017,513.204529,0.811219,0.801657,0.811219,0.801657
125,6,1236.433960,523.975220,889.386902,509.897491,1236.435059,523.368225,889.389221,510.506073,1236.435059,523.368225,889.389221,510.506104,0.606996,0.608586,0.606996,0.608616
125,8,708.161987,525.643372,1183.866699,509.851807,708.068176,524.952698,1183.961792,510.537384,708.068176,524.952698,1183.961792,510.537415,0.697016,0.692141,0.697016,0.692171
125,9,708.161987,525.643372,889.386902,509.897491,708.174316,524.248474,889.380798,511.264038,708.174316,524.248474,889.380737,511.264038,1.394952,1.366560,1.394952,1.366561
125,10,1026.647095,522.687317,628.947876,514.006165,1026.652344,524.167847,628.934509,512.558044,1026.652344,524.167847,628.934448,512.558044,1.480539,1.448182,1.480539,1.448182
125,11,1026.647095,522.687317,1183.866699,509.851807,1026.650879,523.430176,1183.859741,509.104401,1026.650879,523.430115,1183.859741,509.104431,0.742869,0.747438,0.742807,0.747408
126,5,1017.137451,527.383972,628.952881,514.009155,1017.138855,526.519043,628.955933,514.854736,1017.138855,526.519043,628.955872,514.854797,0.864930,0.845587,0.864930,0.845647
126,6,1017.137451,527.383972,1183.870483,509.856018,1017.154236,525.781616,1183.860229,511.467590,1017.154236,525.781616,1183.860229,511.467621,1.602444,1.611605,1.602444,1.611635
126,7,708.170471,525.646851,882.083435,514.614807,708.177979,526.640259,882.071960,513.642029,708.178040,526.640259,882.072021,513.642029,0.993437,0.972846,0.993437,0.972845
126,9,708.170471,525.646851,1183.870483,509.856018,708.076721,524.956543,1183.965576,510.541229,708.076721,524.956543,1183.965576,510.541229,0.696645,0.691778,0.696645,0.691778
127,5,708.174377,525.653992,887.268799,511.907623,708.175049,525.274475,887.269714,512.279358,708.175049,525.274475,887.269775,512.279358,0.379517,0.371736,0.379517,0.371736
127,6,708.174377,525.653992,1183.879639,509.859039,708.080078,524.961670,1183.975220,510.546265,708.080139,524.961670,1183.975220,510.546265,0.698714,0.693840,0.698706,0.693840
127,7,1021.360779,524.698242,628.960510,514.012695,1021.361450,525.177429,628.957336,513.544128,1021.361450,525.177429,628.957275,513.544128,0.479187,0.468578,0.479187,0.468578
127,9,1021.360779,524.698242,1183.879639,509.859039,1021.361206,524.439819,1183.880371,510.119019,1021.361145,524.439819,1183.880371,510.119019,0.258423,0.259980,0.258423,0.259980
128,6,708.143066,525.644958,1183.855469,509.853027,708.049255,524.954102,1183.950562,510.538818,708.049255,524.954041,1183.950562,510.538818,0.697197,0.692352,0.697258,0.692352
129,1,1249.749023,618.830017,1022.997681,607.227722,1249.753296,619.310181,1022.996826,606.742798,1249.753296,619.310181,1022.996765,606.742798,0.480183,0.484925,0.480183,0.484925
129,2,1132.214722,620.249817,1208.205322,606.178833,1132.213257,619.844543,1208.205688,606.588989,1132.213135,619.844543,1208.205688,606.588989,0.405276,0.410156,0.405277,0.410156
129,5,1077.414307,579.953003,723.520935,564.416992,1077.414673,578.596252,723.517090,565.754333,1077.414673,578.596252,723.517151,565.754395,1.356751,1.337347,1.356751,1.337408
129,6,795.044006,577.841797,938.471619,566.805603,795.059448,579.339783,938.455322,565.329773,795.059448,579.339783,938.455322,565.329773,1.498065,1.475920,1.498065,1.475920
129,10,708.177490,525.637634,1183.878662,509.852051,708.084412,524.950012,1183.973022,510.534668,708.084473,524.949951,1183.973022,510.534668,0.693893,0.689108,0.693945,0.689108
130,3,708.157959,525.644775,1183.871216,509.857147,708.064697,524.956116,1183.965698,510.540771,708.064758,524.956055,1183.965698,510.540771,0.694946,0.690123,0.694998,0.690123
131,0,1249.743530,618.837158,959.541321,608.646973,1249.755981,620.012085,959.538208,607.463989,1249.756104,620.012085,959.538208,607.464050,1.174993,1.182987,1.174994,1.182926
131,4,708.170349,525.639587,1183.872192,509.858337,708.077881,524.954102,1183.965942,510.538757,708.077881,524.954102,1183.965942,510.538788,0.691694,0.686848,0.691694,0.686878
132,3,708.170105,525.648438,1183.876099,509.860504,708.076782,524.959656,1183.970703,510.544220,708.076782,524.959595,1183.970703,510.544250,0.695075,0.690230,0.695136,0.690260
133,2,1236.427856,523.976562,628.949951,514.017273,1236.428955,524.792725,628.944153,513.210754,1236.428955,524.792725,628.944092,513.210754,0.816163,0.806539,0.816163,0.806540
133,5,708.166565,525.648010,1183.868652,509.861572,708.073486,524.959961,1183.963135,510.544556,708.073425,524.959900,1183.963135,510.544586,0.694317,0.689488,0.694385,0.689518
134,3,708.177979,525.635498,1183.886108,509.850739,708.085083,524.948303,1183.980347,510.532928,708.085083,524.948242,1183.980347,510.532928,0.693445,0.688668,0.693506,0.688668
135,3,708.151245,525.634766,1183.852051,509.843567,708.057373,524.944214,1183.947144,510.529022,708.057434,524.944214,1183.947144,510.529053,0.696903,0.692020,0.696895,0.692050
136,0,1055.009766,737.628784,938.724426,723.326843,1055.008179,737.466675,938.723145,723.488281,1055.008179,737.466675,938.723083,723.488281,0.162117,0.161443,0.162117,0.161444
136,1,1093.945801,694.714111,969.776917,681.650696,1093.947388,694.869568,969.777466,681.495300,1093.947388,694.869568,969.777527,681.495361,0.155465,0.155396,0.155465,0.155336
136,6,708.179382,525.642822,1183.880859,509.860626,708.086792,524.956909,1183.974731,510.541504,708.086792,524.956848,1183.974731,510.541534,0.692134,0.687318,0.692195,0.687348
137,0,1066.404785,734.146179,951.658142,719.980469,1066.402832,733.952759,951.656616,720.173340,1066.402832,733.952759,951.656677,720.173340,0.193430,0.192877,0.193430,0.192877
137,1,1100.052368,691.355591,976.014038,678.447937,1100.054321,691.552429,976.014709,678.251099,1100.054321,691.552429,976.014648,678.251099,0.196848,0.196840,0.196848,0.196839
137,5,1236.416992,523.990295,628.945312,514.015686,1236.417969,524.798767,628.939575,513.216736,1236.418091,524.798767,628.939514,513.216797,0.808472,0.798971,0.808472,0.798910
137,8,708.161804,525.639404,1183.866333,509.860138,708.069641,524.954895,1183.959839,510.539581,708.069641,524.954895,1183.959839,510.539612,0.690686,0.685847,0.690686,0.685878
138,5,1236.419922,523.990662,628.944275,514.017212,1236.421021,524.799744,628.938477,513.217712,1236.421021,524.799744,628.938477,513.217712,0.809083,0.799521,0.809083,0.799521
138,8,708.154724,525.645508,1183.861694,509.857025,708.061340,524.956360,1183.956421,510.541077,708.061340,524.956360,1183.956421,510.541077,0.695446,0.690579,0.695446,0.690579
139,5,708.198059,525.643494,1183.892456,509.856262,708.104797,524.955078,1183.987061,510.539612,708.104736,524.955017,1183.987061,510.539642,0.694704,0.689867,0.694773,0.689897
139,6,708.198059,525.643494,943.615540,510.194427,708.207703,524.536438,943.610657,511.281952,708.207703,524.536438,943.610718,511.281982,1.107098,1.087535,1.107098,1.087566
139,7,1074.553833,523.266846,628.968628,514.006592,1074.557007,524.451355,628.958923,512.845398,1074.557007,524.451355,628.958923,512.845459,1.184514,1.161234,1.184514,1.161173
139,8,1074.553833,523.266846,1183.892456,509.856262,1074.555054,523.717285,1183.889282,509.402039,1074.555054,523.717285,1183.889282,509.402039,0.450441,0.454235,0.450441,0.454235
140,4,1236.412231,523.989319,628.929443,514.005920,1236.413208,524.793274,628.923706,513.211426,1236.413330,524.793274,628.923706,513.211426,0.803956,0.794515,0.803956,0.794515
140,6,1236.412231,523.989319,927.259888,507.592468,1236.419922,522.321472,927.261414,509.267944,1236.420044,522.321472,927.261414,509.267975,1.667864,1.675477,1.667865,1.675507
140,8,708.152100,525.642639,1183.849365,509.849152,708.057983,524.950989,1183.944824,510.535736,708.057922,524.950928,1183.944824,510.535767,0.698024,0.693189,0.698093,0.693219
140,9,708.152100,525.642639,927.259888,507.592468,708.199219,523.169617,927.224304,510.020081,708.199158,523.169556,927.224304,510.020081,2.473471,2.427873,2.473531,2.427873
140,10,1056.584229,520.588745,628.929443,514.005920,1056.598389,523.114258,628.900879,511.532318,1056.598389,523.114258,628.900879,511.532349,2.525552,2.473767,2.525552,2.473737
140,11,1056.584229,520.588745,1183.849365,509.849152,1056.603271,522.376404,1183.822021,508.048126,1056.603394,522.376404,1183.822144,508.048157,1.787760,1.801233,1.787761,1.801201
141,5,708.198730,525.636292,1183.894531,509.850494,708.105591,524.948547,1183.989014,510.533173,708.105591,524.948547,1183.989014,510.533173,0.694022,0.689185,0.694022,0.689185
141,6,708.198730,525.636292,921.004944,510.679199,708.204468,524.723206,921.003113,511.575195,708.204468,524.723145,921.003052,511.575195,0.913104,0.895998,0.913165,0.895998
141,7,1051.025879,523.650085,628.973877,513.999146,1051.028198,524.642334,628.966064,513.027466,1051.028198,524.642334,628.966125,513.027527,0.992251,0.971711,0.992251,0.971650
141,8,1051.025879,523.650085,1183.894531,509.850494,1051.026245,523.908386,1183.892944,509.590271,1051.026367,523.908386,1183.892944,509.590302,0.258301,0.260228,0.258301,0.260198
142,5,1034.506348,527.766968,628.925354,514.006958,1034.508545,526.706970,628.928589,515.044189,1034.508545,526.706909,628.928650,515.044189,1.060000,1.037236,1.060061,1.037237
142,6,1034.506348,527.766968,1183.845093,509.839630,1034.526611,525.963074,1183.832275,511.655365,1034.526489,525.963013,1183.832153,511.655396,1.804008,1.815780,1.804068,1.815811
142,7,708.147766,525.644409,904.123474,514.852478,708.158875,526.813354,904.108032,513.706543,708.158813,526.813354,904.107971,513.706543,1.168998,1.146039,1.168998,1.146040
142,9,708.147766,525.644409,1183.845093,509.839630,708.052063,524.947021,1183.942139,510.531860,708.052063,524.947021,1183.942139,510.531860,0.703924,0.699000,0.703924,0.699000
143,5,1236.438721,523.981140,628.961243,514.010925,1236.439819,524.791870,628.955383,513.209839,1236.439819,524.791809,628.955444,513.209839,0.810731,0.801108,0.810670,0.801107
143,8,708.185181,525.648987,1183.880737,509.862061,708.091919,524.960693,1183.975220,510.545258,708.091919,524.960693,1183.975342,510.545288,0.694583,0.689699,0.694583,0.689746
144,5,1236.437500,523.982605,628.963013,514.009583,1236.438599,524.791931,628.957214,513.209900,1236.438599,524.791870,628.957214,513.209900,0.809327,0.799704,0.809266,0.799704
144,8,708.170105,525.653931,1183.880737,509.866638,708.076965,524.965454,1183.975220,510.550018,708.076904,524.965454,1183.975220,510.550049,0.694748,0.689881,0.694756,0.689911
145,5,1236.417114,523.982788,628.936768,514.011841,1236.418213,524.793091,628.930908,513.211121,1236.418213,524.793030,628.930908,513.211182,0.810303,0.800742,0.810242,0.800681
145,8,708.149536,525.652161,1183.854980,509.857361,708.055298,524.959839,1183.950439,510.544556,708.055298,524.959839,1183.950562,510.544586,0.698706,0.693793,0.698706,0.693840
146,6,708.188477,525.636047,1183.893188,509.848633,708.095215,524.947510,1183.987793,510.532104,708.095276,524.947449,1183.987793,510.532135,0.694825,0.689988,0.694877,0.690018
147,6,708.157715,525.642944,1183.852173,509.848969,708.063477,524.951050,1183.947754,510.535797,708.063477,524.950989,1183.947754,510.535797,0.698283,0.693447,0.698343,0.693447
148,5,1236.449585,523.974182,628.971130,514.001343,1236.450684,524.783508,628.965271,513.201538,1236.450684,524.783508,628.965332,513.201599,0.809327,0.799826,0.809327,0.799765
148,8,708.197205,525.636902,1183.893066,509.856415,708.104858,524.951843,1183.986694,510.536438,708.104797,524.951843,1183.986816,510.536438,0.691255,0.686438,0.691263,0.686455
149,6,708.153748,525.653259,1183.850464,509.866425,708.060486,524.964966,1183.944946,510.549622,708.060486,524.964966,1183.945068,510.549652,0.694583,0.689699,0.694583,0.689746
150,5,1236.448608,523.977234,628.964722,514.003845,1236.449585,524.786316,628.958923,513.204346,1236.449707,524.786316,628.958923,513.204346,0.809083,0.799521,0.809083,0.799521
150,8,708.185669,525.633484,1183.879761,509.853973,708.093384,524.948853,1183.973389,510.533539,708.093384,524.948853,1183.973389,510.533569,0.690823,0.685985,0.690823,0.686015
151,5,1236.432861,523.995483,628.955261,514.007324,1236.433960,524.797180,628.949524,513.215088,1236.433960,524.797180,628.949524,513.215149,0.801698,0.792257,0.801698,0.792196
151,8,708.175842,525.649414,1183.879761,509.853821,708.081421,524.956787,1183.975464,510.541351,708.081482,524.956726,1183.975464,510.541382,0.699033,0.694159,0.699085,0.694190
152,5,1236.416138,523.977722,628.935120,514.018555,1236.417236,524.793945,628.929260,513.211975,1236.417236,524.793884,628.929260,513.212036,0.816224,0.806601,0.816163,0.806540
152,8,708.153503,525.646790,1183.851318,509.863708,708.060791,524.960388,1183.945435,510.545074,708.060730,524.960327,1183.945435,510.545105,0.692634,0.687835,0.692703,0.687866
153,6,708.186829,525.640686,1183.892700,509.853668,708.093689,524.952393,1183.987183,510.536957,708.093628,524.952332,1183.987183,510.536957,0.694567,0.689790,0.694635,0.689790
154,5,1236.424683,523.987122,628.931885,514.011597,1236.425781,524.795044,628.926086,513.213135,1236.425781,524.795105,628.926086,513.213196,0.807923,0.798483,0.807984,0.798422
154,8,708.153015,525.644897,1183.857544,509.856049,708.059570,524.955566,1183.952393,510.540283,708.059570,524.955566,1183.952271,510.540314,0.695636,0.690777,0.695636,0.690791
155,5,1236.425781,523.976196,628.950623,514.012634,1236.426880,524.790222,628.944763,513.208252,1236.426880,524.790161,628.944763,513.208252,0.814027,0.804404,0.813966,0.804404
155,8,708.168091,525.644287,1183.871704,509.853821,708.074463,524.954163,1183.966675,510.538818,708.074402,524.954163,1183.966675,510.538849,0.696447,0.691550,0.696455,0.691580
156,6,708.184753,525.647461,1183.887085,509.856323,708.090942,524.957031,1183.982178,510.541626,708.091003,524.957031,1183.982178,510.541656,0.696774,0.691869,0.696766,0.691899
157,6,708.159241,525.656677,1183.852783,509.859863,708.064636,524.963379,1183.948730,510.548035,708.064575,524.963379,1183.948730,510.548065,0.699723,0.694828,0.699731,0.694858
158,6,708.187744,525.648132,1183.892212,509.859222,708.094299,524.958862,1183.986938,510.543427,708.094299,524.958862,1183.986938,510.543427,0.695575,0.690730,0.695575,0.690730
159,5,1236.414062,523.973022,628.933350,514.005615,1236.415039,524.785034,628.927490,513.203186,1236.415161,524.785034,628.927490,513.203247,0.812012,0.802451,0.812012,0.802390
159,8,708.157227,525.646545,1183.858887,509.858246,708.063782,524.957520,1183.953613,510.542206,708.063782,524.957458,1183.953613,510.542236,0.695333,0.690488,0.695394,0.690519
160,5,1236.444092,523.970276,628.959961,514.006653,1236.445190,524.784241,628.954102,513.202271,1236.445190,524.784241,628.954102,513.202332,0.813966,0.804404,0.813966,0.804343
160,8,708.177734,525.641479,1183.879639,509.853882,708.084473,524.952820,1183.974243,510.537476,708.084412,524.952820,1183.974243,510.537476,0.694946,0.690109,0.694954,0.690109
161,5,1236.433716,523.978088,628.947144,514.009094,1236.434814,524.789368,628.941345,513.207397,1236.434814,524.789307,628.941345,513.207458,0.811280,0.801718,0.811219,0.801657
161,8,708.164795,525.638000,1183.865234,509.852081,708.071716,524.950134,1183.959595,510.534882,708.071655,524.950134,1183.959595,510.534882,0.694135,0.689290,0.694143,0.689290
162,5,1236.430420,523.966492,628.943970,514.008789,1236.431519,524.783386,628.938110,513.201538,1236.431519,524.783386,628.938110,513.201538,0.816895,0.807272,0.816895,0.807272
162,8,708.161255,525.644775,1183.872803,509.847443,708.066711,524.951233,1183.968628,510.535889,708.066711,524.951172,1183.968628,510.535889,0.699957,0.695083,0.700017,0.695083
163,6,708.181519,525.650940,1183.887695,509.852325,708.086792,524.956787,1183.983765,510.541351,708.086731,524.956787,1183.983765,510.541382,0.700586,0.695691,0.700595,0.695721
164,2,1249.731445,618.857849,996.882690,606.530212,1249.732422,618.975098,996.882629,606.411926,1249.732300,618.975098,996.882629,606.411987,0.117253,0.118286,0.117252,0.118225
164,8,708.159668,525.652954,1183.862061,509.861908,708.065857,524.962585,1183.957153,510.547211,708.065918,524.962524,1183.957153,510.547241,0.696713,0.691869,0.696766,0.691899
165,2,1249.740356,618.856262,1000.666870,601.917542,1249.737793,616.688354,1000.654236,604.104248,1249.737671,616.688354,1000.654236,604.104309,2.167909,2.186743,2.167909,2.186804
165,3,1130.299072,614.993347,1208.196411,606.188232,1130.337646,617.225342,1208.163574,603.929199,1130.337646,617.225342,1208.163696,603.929260,2.232328,2.259272,2.232328,2.259209
165,8,708.169678,525.650513,1183.866455,509.867615,708.076965,524.964233,1183.960449,510.548859,708.076965,524.964233,1183.960449,510.548859,0.692513,0.687698,0.692513,0.687698
166,3,708.177551,525.652710,1183.881226,509.854187,708.082764,524.958618,1183.977295,510.543182,708.082764,524.958557,1183.977295,510.543213,0.700534,0.695661,0.700595,0.695691
167,2,1236.419067,523.995972,628.935486,514.015930,1236.420166,524.801697,628.929688,513.219727,1236.420166,524.801697,628.929749,513.219727,0.805726,0.796225,0.805726,0.796224
167,5,708.153625,525.655518,1183.857910,509.858124,708.059021,524.961914,1183.953857,510.546600,708.058960,524.961914,1183.953857,510.546600,0.700026,0.695130,0.700034,0.695130
168,3,708.180420,525.646973,1183.881714,509.859711,708.087158,524.958557,1183.976318,510.543121,708.087158,524.958496,1183.976318,510.543121,0.694704,0.689928,0.694765,0.689928
169,3,708.163025,525.643860,1183.874023,509.846466,708.068481,524.950256,1183.969971,510.534943,708.068481,524.950256,1183.969849,510.534973,0.700017,0.695130,0.700017,0.695143
170,2,1133.932129,610.632202,1006.786255,597.772034,1133.933105,610.786682,1006.786133,597.617126,1133.932983,610.786621,1006.786072,597.617126,0.154483,0.154907,0.154421,0.154907
170,6,708.173401,525.633362,1183.875977,509.848877,708.080505,524.946228,1183.970215,510.530914,708.080505,524.946228,1183.970215,510.530945,0.693385,0.688517,0.693385,0.688547
171,2,1249.748657,618.835449,1001.445862,603.049194,1249.744141,617.239075,1001.439087,604.659546,1249.744019,617.239075,1001.439087,604.659546,1.596381,1.610366,1.596381,1.610366
171,3,1131.573853,616.102478,1208.200439,606.171326,1131.597778,617.768555,1208.181030,604.484985,1131.597778,617.768555,1208.181030,604.485046,1.666248,1.686452,1.666248,1.686391
171,8,708.175415,525.634399,1183.873291,509.849365,708.082458,524.946960,1183.967529,510.531677,708.082397,524.946960,1183.967651,510.531708,0.693695,0.688789,0.693704,0.688836
172,2,1128.815918,624.291931,1208.205078,606.182129,1128.831909,621.875305,1208.181152,608.627319,1128.831909,621.875244,1208.181274,608.627319,2.416679,2.445307,2.416740,2.445306
172,3,1249.753174,618.835205,997.227722,611.221924,1249.788696,621.289429,997.210815,608.746338,1249.788818,621.289429,997.210815,608.746338,2.454481,2.475644,2.454482,2.475644
172,8,708.179749,525.654541,1183.881836,509.853088,708.084534,524.958984,1183.978271,510.543518,708.084534,524.958923,1183.978271,510.543549,0.702043,0.697132,0.702104,0.697162
173,4,795.039490,577.849915,865.073181,560.241638,795.056091,575.923645,865.057983,562.132263,795.056091,575.923584,865.057922,562.132263,1.926341,1.890686,1.926402,1.890687
173,5,995.235901,573.469055,723.511292,564.422363,995.251099,575.465759,723.499268,562.461487,995.251099,575.465698,723.499329,562.461487,1.996762,1.960913,1.996701,1.960913
173,8,708.179749,525.644714,1183.871094,509.851074,708.085510,524.953003,1183.966675,510.537689,708.085510,524.953003,1183.966675,510.537689,0.698101,0.693236,0.698101,0.693236
174,4,795.027100,577.861694,863.522278,561.124146,795.036621,576.377258,863.513733,562.580933,795.036560,576.377258,863.513733,562.580933,1.484467,1.456812,1.484466,1.456812
174,5,994.114929,574.350891,723.500305,564.441284,994.125122,575.917786,723.492676,562.902588,994.125061,575.917725,723.492737,562.902588,1.566928,1.538715,1.566866,1.538715
174,7,1236.427979,523.983398,628.949585,514.018433,1236.429077,524.796753,628.943787,513.214722,1236.429077,524.796692,628.943726,513.214722,0.813355,0.803732,0.813294,0.803732
174,10,708.166382,525.657104,1183.864380,509.867523,708.072815,524.967468,1183.959229,510.552063,708.072754,524.967468,1183.959351,510.552094,0.695955,0.691080,0.695963,0.691127
175,4,795.045105,577.868652,862.428894,561.675720,795.051086,576.660522,862.423584,562.861328,795.051147,576.660522,862.423584,562.861328,1.208145,1.185620,1.208145,1.185620
175,5,992.991699,574.910828,723.518433,564.447449,992.999146,576.202332,723.513123,563.179199,992.999146,576.202332,723.513184,563.179199,1.291525,1.268261,1.291525,1.268260
175,7,1236.439697,523.989929,628.954285,514.023438,1236.440796,524.802551,628.948486,513.220398,1236.440796,524.802551,628.948486,513.220459,0.812623,0.803060,0.812623,0.802999
175,10,708.179382,525.659851,1183.881348,509.882782,708.087524,524.976562,1183.974609,510.561035,708.087524,524.976562,1183.974487,510.561066,0.689435,0.684635,0.689435,0.684649
176,4,795.019653,577.849487,863.155579,561.964539,795.024048,576.798950,863.151733,562.995483,795.024048,576.798950,863.151733,562.995544,1.050546,1.030952,1.050546,1.031013
176,5,993.640808,575.194641,723.491211,564.423218,993.646851,576.331055,723.487061,563.307251,993.646912,576.331055,723.487061,563.307251,1.136430,1.115975,1.136430,1.115975
176,8,708.153992,525.642151,1183.855347,509.855896,708.060852,524.954102,1183.949829,510.538849,708.060852,524.954102,1183.949829,510.538879,0.694325,0.689457,0.694325,0.689488
177,4,795.043823,577.841919,863.687317,563.043213,795.044556,577.345276,863.686890,563.530579,795.044556,577.345276,863.686829,563.530640,0.496644,0.487366,0.496644,0.487427
177,5,994.209473,576.278992,723.509033,564.416321,994.211792,576.869019,723.507751,563.836914,994.211792,576.868958,723.507751,563.836914,0.590031,0.579408,0.589970,0.579408
177,8,708.180847,525.631897,1183.878784,509.852692,708.088623,524.947449,1183.972290,510.532104,708.088623,524.947388,1183.972290,510.532135,0.690634,0.685817,0.690694,0.685847
178,4,795.041870,577.844604,863.821533,562.716370,795.043396,577.180298,863.820374,563.368347,795.043396,577.180237,863.820374,563.368347,0.664308,0.651979,0.664369,0.651979
178,5,994.489197,575.952271,723.507019,564.415405,994.492493,576.704773,723.505127,563.676392,994.492432,576.704773,723.505066,563.676392,0.752510,0.739016,0.752509,0.739016
178,8,708.174805,525.639465,1183.878662,509.849304,708.081177,524.949524,1183.973511,510.534180,708.081177,524.949463,1183.973633,510.534180,0.696265,0.691412,0.696326,0.691429
179,4,795.035828,577.847595,863.790649,562.644287,795.037598,577.145081,863.789246,563.333801,795.037598,577.145020,863.789246,563.333801,0.702517,0.689516,0.702578,0.689516
179,5,994.487793,575.884277,723.503601,564.416748,994.491272,576.671509,723.501465,563.643677,994.491272,576.671448,723.501526,563.643677,0.787239,0.773074,0.787178,0.773074
179,8,708.169922,525.637756,1183.871826,509.846649,708.076111,524.947266,1183.967041,510.531982,708.076172,524.947266,1183.966919,510.532043,0.696834,0.691916,0.696826,0.691960
180,4,795.039795,577.856201,863.829895,562.224182,795.043091,576.935364,863.827148,563.127930,795.043091,576.935303,863.827087,563.127930,0.920843,0.903752,0.920904,0.903752
180,5,994.608215,575.474365,723.511230,564.427551,994.613220,576.471863,723.507996,563.447937,994.613159,576.471863,723.507935,563.447937,0.997510,0.979620,0.997510,0.979620
180,7,1236.439331,523.986450,628.958862,514.014954,1236.440430,524.796509,628.953064,513.214417,1236.440430,524.796509,628.953064,513.214478,0.810059,0.800558,0.810059,0.800497
180,10,708.177856,525.644714,1183.877930,509.867157,708.085876,524.961121,1183.971191,510.545715,708.085876,524.961121,1183.971191,510.545746,0.689754,0.684937,0.689754,0.684968
181,2,1128.717163,623.849365,1208.192993,606.187683,1128.729126,621.657043,1208.173950,608.405945,1128.729126,621.656982,1208.173950,608.405945,2.192354,2.218343,2.192415,2.218343
181,3,1249.742188,618.850952,995.838623,610.793823,1249.773193,621.085083,995.824707,608.540405,1249.773193,621.085083,995.824707,608.540405,2.234346,2.253461,2.234346,2.253461
181,7,1236.417603,523.984680,628.947388,514.016174,1236.418701,524.796204,628.941528,513.214233,1236.418701,524.796204,628.941528,513.214233,0.811524,0.801962,0.811524,0.801962
181,10,708.163330,525.653931,1183.862915,509.861572,708.069397,524.962891,1183.958252,510.547516,708.069397,524.962891,1183.958252,510.547546,0.697395,0.692537,0.697395,0.692567
182,2,1249.750732,618.838989,1001.360046,602.878784,1249.746338,617.156372,1001.352539,604.576172,1249.746338,617.156311,1001.352539,604.576172,1.682623,1.697404,1.682684,1.697404
182,3,1132.694092,615.944275,1208.204468,606.189331,1132.719971,617.695679,1208.183350,604.416565,1132.719971,617.695618,1208.183350,604.416626,1.751595,1.772892,1.751534,1.772831
182,8,708.178162,525.642334,1183.876099,509.859589,708.085510,524.956116,1183.970093,510.540741,708.085449,524.956116,1183.970093,510.540771,0.692445,0.687607,0.692453,0.687637
183,2,1236.430542,523.980164,628.946838,514.003967,1236.431641,524.787781,628.941101,513.205872,1236.431641,524.787781,628.941040,513.205872,0.807618,0.798116,0.807618,0.798117
183,5,708.165588,525.645508,1183.864380,509.857391,708.072205,524.956543,1183.959106,510.541229,708.072205,524.956543,1183.959106,510.541260,0.695265,0.690368,0.695265,0.690398
184,3,708.165955,525.640137,1183.869873,509.856232,708.073181,524.953308,1183.963867,510.537994,708.073181,524.953308,1183.963989,510.538025,0.693066,0.688212,0.693066,0.688259
185,2,1236.436401,523.968933,628.950256,514.002625,1236.437500,524.781494,628.944397,513.199646,1236.437500,524.781494,628.944458,513.199646,0.812562,0.803000,0.812562,0.802999
185,5,708.173035,525.642212,1183.878052,509.862152,708.080750,524.957336,1183.971680,510.541962,708.080750,524.957336,1183.971680,510.541992,0.691065,0.686227,0.691065,0.686257
186,2,1236.423828,523.990356,628.950928,514.010864,1236.424927,524.796387,628.945129,513.214355,1236.424927,524.796387,628.945129,513.214355,0.806031,0.796530,0.806031,0.796530
186,5,708.166077,525.646423,1183.865723,509.855255,708.072266,524.955933,1183.960815,510.540619,708.072266,524.955933,1183.960815,510.540649,0.696834,0.691929,0.696834,0.691960
187,3,708.172241,525.648804,1183.878418,509.867981,708.079895,524.963562,1183.972046,510.548126,708.079895,524.963562,1183.972046,510.548187,0.691436,0.686559,0.691436,0.686620
188,3,708.165955,525.648438,1183.869873,509.858948,708.072388,524.958801,1183.964722,510.543457,708.072388,524.958801,1183.964722,510.543488,0.695955,0.691049,0.695955,0.691080
189,1,1249.749146,618.847473,1010.079041,601.341736,1249.748291,616.400940,1010.062988,603.810608,1249.748291,616.400940,1010.062988,603.810608,2.446533,2.468924,2.446533,2.468924
189,4,708.169922,525.650330,1183.876221,509.863190,708.076721,524.961914,1183.970825,510.546509,708.076721,524.961914,1183.970703,510.546539,0.694696,0.689837,0.694696,0.689850
190,2,1249.742310,618.831848,1008.423828,604.584595,1249.738037,617.999634,1008.422119,605.424438,1249.738159,617.999573,1008.422119,605.424438,0.832225,0.839845,0.832286,0.839845
190,3,1136.384033,617.424805,1208.198608,606.185852,1136.395020,618.425354,1208.190430,605.172913,1136.395020,618.425354,1208.190430,605.172974,1.000610,1.012972,1.000610,1.012911
190,4,1136.384033,617.424805,1008.423828,604.584595,1136.385010,617.573059,1008.423645,604.435852,1136.385010,617.573059,1008.423706,604.435852,0.148258,0.148743,0.148258,0.148743
190,7,1236.427002,523.985657,628.946655,514.015747,1236.428101,524.796509,628.940857,513.214478,1236.428101,524.796509,628.940796,513.214478,0.810853,0.801291,0.810853,0.801291
190,10,708.167175,525.646606,1183.871094,509.858276,708.073792,524.957581,1183.965820,510.542206,708.073792,524.957581,1183.965820,510.542236,0.695325,0.690458,0.695325,0.690488
191,2,1135.263550,621.790344,1208.194580,606.184814,1135.263672,620.610413,1208.190796,607.379150,1135.263550,620.610352,1208.190796,607.379150,1.179932,1.194342,1.179993,1.194342
191,3,1249.744629,618.843140,1005.302490,608.761475,1249.758179,620.074402,1005.297974,607.518982,1249.758179,620.074402,1005.297974,607.519043,1.231337,1.242501,1.231337,1.242440
191,8,708.166992,525.645996,1183.870972,509.856323,708.073425,524.956299,1183.965820,510.540955,708.073425,524.956299,1183.965820,510.540955,0.696015,0.691170,0.696015,0.691170
192,4,795.036316,577.845459,869.598083,563.501038,795.036377,577.586853,869.598145,563.754883,795.036377,577.586853,869.598145,563.754883,0.258606,0.253845,0.258606,0.253845
192,5,999.510742,576.742004,723.514099,564.420898,999.511902,577.095947,723.513550,564.073242,999.511902,577.095947,723.513550,564.073242,0.353945,0.347657,0.353945,0.347657
192,7,1236.435669,523.978149,628.963745,514.005676,1236.436768,524.787720,628.957947,513.205688,1236.436768,524.787659,628.957947,513.205688,0.809571,0.800009,0.809510,0.800009
192,10,708.180237,525.638245,1183.883179,509.860840,708.088318,524.954712,1183.976318,510.539337,708.088318,524.954712,1183.976440,510.539337,0.689685,0.684860,0.689685,0.684877
193,6,708.171021,525.646362,1183.874878,509.866028,708.078735,524.961365,1183.968506,510.545990,708.078735,524.961365,1183.968506,510.545990,0.691186,0.686378,0.691186,0.686378
194,4,999.248108,578.214783,723.510376,564.428467,999.247620,577.836548,723.510254,564.799988,999.247559,577.836548,723.510193,564.799988,0.378235,0.371521,0.378235,0.371521
194,5,795.029846,577.850037,869.644714,564.948303,795.031494,578.326355,869.642944,564.480713,795.031494,578.326294,869.642944,564.480713,0.476321,0.467594,0.476260,0.467594
194,8,708.167847,525.642456,1183.872925,509.856812,708.074829,524.954773,1183.967285,510.539398,708.074829,524.954773,1183.967285,510.539459,0.693945,0.689078,0.693945,0.689138
195,4,795.042908,577.845886,873.791748,559.469727,795.067810,575.538940,873.768799,561.734924,795.067810,575.538940,873.768738,561.734985,2.307080,2.265314,2.307080,2.265376
195,5,1002.653137,572.664001,723.512329,564.424683,1002.673767,575.054688,723.495605,562.076050,1002.673767,575.054688,723.495544,562.076050,2.390775,2.348692,2.390775,2.348693
195,7,1236.433594,523.979919,628.956482,514.007874,1236.434692,524.789673,628.950745,513.207703,1236.434692,524.789673,628.950684,513.207703,0.809754,0.800191,0.809754,0.800192
195,10,708.169861,525.643311,1183.872803,509.858459,708.076965,524.956055,1183.967041,510.540680,708.076965,524.955994,1183.967041,510.540680,0.693506,0.688698,0.693566,0.688698
196,0,1249.746826,618.851990,1011.261292,606.942688,1249.749634,619.178406,1011.260864,606.613220,1249.749634,619.178406,1011.260925,606.613281,0.326428,0.329468,0.326428,0.329407
196,4,708.172424,525.650452,1183.875122,509.864655,708.079407,524.962708,1183.969360,510.547302,708.079346,524.962708,1183.969482,510.547333,0.694006,0.689122,0.694014,0.689169
197,3,708.169250,525.653198,1183.865601,509.869232,708.076416,524.966370,1183.959717,510.550995,708.076355,524.966370,1183.959717,510.550995,0.693074,0.688228,0.693082,0.688228
198,3,708.168762,525.647217,1183.868286,509.867859,708.076538,524.962708,1183.961792,510.547333,708.076538,524.962708,1183.961792,510.547363,0.690694,0.685878,0.690694,0.685908
199,3,708.178772,525.639343,1183.874268,509.858948,708.086365,524.954285,1183.967896,510.538940,708.086365,524.954285,1183.968018,510.538971,0.691263,0.686408,0.691263,0.686455
