Timestamp;Index;CoordX;CoordY;CoordZ;Epipolar;Triangulation;Probability;LeftIndex;RightIndex
0x000000005a303582;0;93.2118;46.5752;826.3555;-0.5079;0.1854;1.0000;3;3
0x000000005a303582;1;143.7746;28.1296;796.8749;0.1981;0.0690;1.0000;2;2
0x000000005a303582;2;82.9761;-7.4839;813.5930;-0.0195;0.0070;1.0000;1;1
0x000000005a303582;3;119.0608;-33.5481;789.3627;0.0425;0.0147;1.0000;0;0
0x000000005a32598c;0;92.9597;46.6577;826.3680;-0.5202;0.1899;1.0000;3;3
0x000000005a32598c;1;143.4682;28.1798;796.8127;0.1986;0.0691;1.0000;2;2
0x000000005a32598c;2;82.6739;-7.3980;813.6127;-0.0229;0.0083;1.0000;1;1
0x000000005a32598c;3;118.7057;-33.4857;789.3324;0.0390;0.0135;1.0000;0;0
0x000000005a327c88;0;92.9567;46.6621;826.3996;-0.5082;0.1855;1.0000;3;3
0x000000005a327c88;1;143.4678;28.1859;796.8423;0.1941;0.0676;1.0000;2;2
0x000000005a327c88;2;82.6763;-7.3959;813.6541;-0.0239;0.0086;1.0000;1;1
0x000000005a327c88;3;118.7109;-33.4841;789.3774;0.0348;0.0121;1.0000;0;0
0x000000005a32e579;0;92.9437;46.6667;826.4930;-0.5094;0.1860;1.0000;3;3
0x000000005a32e579;1;143.4631;28.1645;796.9819;0.1976;0.0688;1.0000;2;2
0x000000005a32e579;2;82.6577;-7.3945;813.7874;-0.0263;0.0095;1.0000;1;1
0x000000005a32e579;3;118.7004;-33.5041;789.5367;0.0419;0.0146;1.0000;0;0
0x000000005a330874;0;92.9351;46.6654;826.5253;-0.5065;0.1849;1.0000;3;3
0x000000005a330874;1;143.4580;28.1521;797.0212;0.1947;0.0678;1.0000;2;2
0x000000005a330874;2;82.6474;-7.3981;813.8298;-0.0224;0.0081;1.0000;1;1
0x000000005a330874;3;118.6915;-33.5158;789.5925;0.0410;0.0143;1.0000;0;0
0x000000005a3365bd;0;92.9138;46.6644;826.5594;-0.4996;0.1824;1.0000;3;3
0x000000005a3365bd;1;143.4402;28.1359;797.0689;0.1911;0.0665;1.0000;2;2
0x000000005a3365bd;2;82.6226;-7.4010;813.8761;-0.0246;0.0089;1.0000;1;1
0x000000005a3365bd;3;118.6682;-33.5326;789.6618;0.0356;0.0123;1.0000;0;0
0x000000005a3388b8;0;92.9025;46.6719;826.5504;-0.5025;0.1835;1.0000;3;3
0x000000005a3388b8;1;143.4277;28.1417;797.0623;0.1953;0.0680;1.0000;2;2
0x000000005a3388b8;2;82.6109;-7.3937;813.8651;-0.0252;0.0091;1.0000;1;1
0x000000005a3388b8;3;118.6560;-33.5246;789.6464;0.0414;0.0144;1.0000;0;0
0x000000005a33da58;0;92.8699;46.6965;826.4991;-0.5191;0.1895;1.0000;3;3
0x000000005a33da58;1;143.3832;28.1780;796.9800;0.1907;0.0664;1.0000;2;2
0x000000005a33da58;2;82.5724;-7.3676;813.7961;-0.0254;0.0092;1.0000;1;1
0x000000005a33da58;3;118.6075;-33.4888;789.5577;0.0390;0.0135;1.0000;0;0
0x000000005a33fd53;0;92.8477;46.7075;826.4760;-0.5149;0.1880;1.0000;3;3
0x000000005a33fd53;1;143.3566;28.1934;796.9418;0.1962;0.0683;1.0000;2;2
0x000000005a33fd53;2;82.5485;-7.3530;813.7520;-0.0307;0.0111;1.0000;1;1
0x000000005a33fd53;3;118.5786;-33.4687;789.4957;0.0367;0.0127;1.0000;0;0
0x000000005a345a9c;0;92.8054;46.7320;826.4034;-0.5111;0.1866;1.0000;3;3
0x000000005a345a9c;1;143.2946;28.2254;796.8257;0.1867;0.0650;1.0000;2;2
0x000000005a345a9c;2;82.4844;-7.3200;813.6462;-0.0319;0.0115;1.0000;1;1
0x000000005a345a9c;3;118.4973;-33.4291;789.3539;0.0380;0.0132;1.0000;0;0
0x000000005a3471ee;0;92.7956;46.7315;826.3838;-0.5128;0.1872;1.0000;3;3
0x000000005a3471ee;1;143.2815;28.2295;796.8034;0.1945;0.0677;1.0000;2;2
0x000000005a3471ee;2;82.4755;-7.3156;813.6267;-0.0319;0.0115;1.0000;1;1
0x000000005a3471ee;3;118.4821;-33.4229;789.3297;0.0380;0.0132;1.0000;0;0
0x000000005a34c38e;0;92.7880;46.7512;826.3561;-0.5160;0.1884;1.0000;3;3
0x000000005a34c38e;1;143.2663;28.2459;796.7513;0.1912;0.0666;1.0000;2;2
0x000000005a34c38e;2;82.4662;-7.2997;813.6027;-0.0296;0.0107;1.0000;1;1
0x000000005a34c38e;3;118.4675;-33.4084;789.2954;0.0353;0.0122;1.0000;0;0
0x000000005a34e689;0;92.7968;46.7587;826.3446;-0.5055;0.1845;1.0000;3;3
0x000000005a34e689;1;143.2749;28.2543;796.7507;0.1974;0.0687;1.0000;2;2
0x000000005a34e689;2;82.4767;-7.2925;813.6063;-0.0260;0.0094;1.0000;1;1
0x000000005a34e689;3;118.4807;-33.4028;789.3017;0.0369;0.0128;1.0000;0;0
0x000000005a353828;0;92.8253;46.7746;826.3483;-0.5056;0.1845;1.0000;3;3
0x000000005a353828;1;143.3165;28.2663;796.7770;0.1976;0.0688;1.0000;2;2
0x000000005a353828;2;82.5167;-7.2802;813.6216;-0.0273;0.0099;1.0000;1;1
0x000000005a353828;3;118.5330;-33.3964;789.3414;0.0457;0.0159;1.0000;0;0
0x000000005a3566cd;0;92.8443;46.7852;826.3507;-0.5099;0.1861;1.0000;3;3
0x000000005a3566cd;1;143.3434;28.2738;796.7962;0.1950;0.0679;1.0000;2;2
0x000000005a3566cd;2;82.5409;-7.2737;813.6336;-0.0232;0.0084;1.0000;1;1
0x000000005a3566cd;3;118.5623;-33.3905;789.3633;0.0383;0.0133;1.0000;0;0
0x000000005a35acc3;0;92.8701;46.8052;826.3809;-0.5120;0.1869;1.0000;3;3
0x000000005a35acc3;1;143.3783;28.2942;796.8456;0.1998;0.0696;1.0000;2;2
0x000000005a35acc3;2;82.5701;-7.2556;813.6548;-0.0338;0.0122;1.0000;1;1
0x000000005a35acc3;3;118.5983;-33.3704;789.3951;0.0380;0.0132;1.0000;0;0
0x000000005a35c415;0;92.8804;46.8099;826.3947;-0.5147;0.1879;1.0000;3;3
0x000000005a35c415;1;143.3909;28.3022;796.8650;0.1994;0.0694;1.0000;2;2
0x000000005a35c415;2;82.5796;-7.2473;813.6661;-0.0299;0.0108;1.0000;1;1
0x000000005a35c415;3;118.6106;-33.3614;789.4133;0.0390;0.0135;1.0000;0;0
0x000000005a3615b5;0;92.9031;46.8355;826.4678;-0.5110;0.1866;1.0000;3;3
0x000000005a3615b5;1;143.4327;28.3332;796.9686;0.2005;0.0698;1.0000;2;2
0x000000005a3615b5;2;82.6124;-7.2208;813.7305;-0.0234;0.0085;1.0000;1;1
0x000000005a3615b5;3;118.6602;-33.3287;789.4883;0.0436;0.0151;1.0000;0;0
0x000000005a362d07;0;92.9088;46.8459;826.4981;-0.5134;0.1874;1.0000;3;3
0x000000005a362d07;1;143.4424;28.3396;797.0027;0.2008;0.0699;1.0000;2;2
0x000000005a362d07;2;82.6201;-7.2153;813.7508;-0.0276;0.0099;1.0000;1;1
0x000000005a362d07;3;118.6726;-33.3232;789.5208;0.0415;0.0144;1.0000;0;0
0x000000005a367ea7;0;92.9118;46.8427;826.5804;-0.5191;0.1895;1.0000;3;3
0x000000005a367ea7;1;143.4574;28.3179;797.1324;0.2046;0.0713;1.0000;2;2
0x000000005a367ea7;2;82.6232;-7.2210;813.8751;-0.0278;0.0100;1.0000;1;1
0x000000005a367ea7;3;118.6849;-33.3467;789.6754;0.0471;0.0164;1.0000;0;0
0x000000005a36a1a2;0;92.9015;46.8265;826.6123;-0.5117;0.1868;1.0000;3;3
0x000000005a36a1a2;1;143.4519;28.2829;797.1771;0.1971;0.0686;1.0000;2;2
0x000000005a36a1a2;2;82.6107;-7.2411;813.9276;-0.0271;0.0098;1.0000;1;1
0x000000005a36a1a2;3;118.6732;-33.3829;789.7463;0.0485;0.0168;1.0000;0;0
0x000000005a36e798;0;92.8682;46.7875;826.6262;-0.5020;0.1833;1.0000;3;3
0x000000005a36e798;1;143.4169;28.2075;797.2078;0.1934;0.0673;1.0000;2;2
0x000000005a36e798;2;82.5689;-7.2892;813.9916;-0.0289;0.0104;1.0000;1;1
0x000000005a36e798;3;118.6286;-33.4607;789.8365;0.0405;0.0141;1.0000;0;0
0x000000005a36feea;0;92.8512;46.7801;826.6150;-0.5197;0.1898;1.0000;3;3
0x000000005a36feea;1;143.3944;28.1911;797.1905;0.1995;0.0695;1.0000;2;2
0x000000005a36feea;2;82.5494;-7.3013;813.9951;-0.0280;0.0101;1.0000;1;1
0x000000005a36feea;3;118.6049;-33.4786;789.8362;0.0440;0.0153;1.0000;0;0
0x000000005a3744e1;0;92.7863;46.7589;826.5649;-0.5144;0.1878;1.0000;3;3
0x000000005a3744e1;1;143.3051;28.1689;797.0900;0.1967;0.0685;1.0000;2;2
0x000000005a3744e1;2;82.4681;-7.3178;813.9320;-0.0320;0.0115;1.0000;1;1
0x000000005a3744e1;3;118.5010;-33.4935;789.7468;0.0436;0.0151;1.0000;0;0
0x000000005a377385;0;92.7439;46.7613;826.5175;-0.5114;0.1867;1.0000;3;3
0x000000005a377385;1;143.2435;28.1808;797.0070;0.1934;0.0673;1.0000;2;2
0x000000005a377385;2;82.4097;-7.3064;813.8538;-0.0324;0.0117;1.0000;1;1
0x000000005a377385;3;118.4231;-33.4734;789.6315;0.0382;0.0133;1.0000;0;0
0x000000005a37b97c;0;92.6943;46.7739;826.4698;-0.5029;0.1836;1.0000;3;3
0x000000005a37b97c;1;143.1785;28.2184;796.9034;0.1949;0.0679;1.0000;2;2
0x000000005a37b97c;2;82.3462;-7.2779;813.7556;-0.0292;0.0105;1.0000;1;1
0x000000005a37b97c;3;118.3456;-33.4269;789.4835;0.0421;0.0146;1.0000;0;0
0x000000005a37d0ce;0;92.6857;46.7821;826.4523;-0.5122;0.1870;1.0000;3;3
0x000000005a37d0ce;1;143.1673;28.2277;796.8817;0.1999;0.0696;1.0000;2;2
0x000000005a37d0ce;2;82.3396;-7.2704;813.7281;-0.0337;0.0122;1.0000;1;1
0x000000005a37d0ce;3;118.3352;-33.4173;789.4603;0.0419;0.0146;1.0000;0;0
0x000000005a38226d;0;92.6658;46.7896;826.4296;-0.5067;0.1850;1.0000;3;3
0x000000005a38226d;1;143.1581;28.2411;796.8745;0.2039;0.0710;1.0000;2;2
0x000000005a38226d;2;82.3302;-7.2643;813.7209;-0.0310;0.0112;1.0000;1;1
0x000000005a38226d;3;118.3373;-33.4115;789.4608;0.0402;0.0140;1.0000;0;0
0x000000005a384569;0;92.6589;46.7948;826.4277;-0.5093;0.1859;1.0000;3;3
0x000000005a384569;1;143.1567;28.2322;796.8894;0.1941;0.0676;1.0000;2;2
0x000000005a384569;2;82.3205;-7.2633;813.7370;-0.0264;0.0095;1.0000;1;1
0x000000005a384569;3;118.3306;-33.4175;789.4869;0.0433;0.0150;1.0000;0;0
0x000000005a389708;0;92.6455;46.8003;826.4470;-0.5107;0.1864;1.0000;3;3
0x000000005a389708;1;143.1390;28.2066;796.9250;0.1993;0.0694;1.0000;2;2
0x000000005a389708;2;82.2858;-7.2569;813.7712;-0.0277;0.0100;1.0000;1;1
0x000000005a389708;3;118.2897;-33.4347;789.5334;0.0485;0.0169;1.0000;0;0
0x000000005a38ba03;0;92.6455;46.8046;826.4497;-0.5126;0.1871;1.0000;3;3
0x000000005a38ba03;1;143.1324;28.2078;796.9236;0.1984;0.0691;1.0000;2;2
0x000000005a38ba03;2;82.2794;-7.2508;813.7784;-0.0278;0.0100;1.0000;1;1
0x000000005a38ba03;3;118.2774;-33.4327;789.5381;0.0415;0.0144;1.0000;0;0
0x000000005a38fffa;0;92.6647;46.8247;826.4540;-0.5047;0.1842;1.0000;3;3
0x000000005a38fffa;1;143.1452;28.2297;796.9150;0.2009;0.0699;1.0000;2;2
0x000000005a38fffa;2;82.2966;-7.2307;813.7787;-0.0298;0.0108;1.0000;1;1
0x000000005a38fffa;3;118.2885;-33.4111;789.5327;0.0424;0.0147;1.0000;0;0
0x000000005a3922f5;0;92.6825;46.8361;826.4506;-0.5186;0.1893;1.0000;3;3
0x000000005a3922f5;1;143.1664;28.2470;796.9191;0.2035;0.0708;1.0000;2;2
0x000000005a3922f5;2;82.3184;-7.2192;813.7730;-0.0270;0.0098;1.0000;1;1
0x000000005a3922f5;3;118.3136;-33.3949;789.5290;0.0437;0.0152;1.0000;0;0
0x000000005a3968ec;0;92.7294;46.8620;826.4495;-0.5085;0.1856;1.0000;3;3
0x000000005a3968ec;1;143.2260;28.2852;796.9286;0.2016;0.0702;1.0000;2;2
0x000000005a3968ec;2;82.3793;-7.1923;813.7595;-0.0354;0.0128;1.0000;1;1
0x000000005a3968ec;3;118.3869;-33.3583;789.5244;0.0386;0.0134;1.0000;0;0
0x000000005a398be7;0;92.7547;46.8743;826.4468;-0.5067;0.1850;1.0000;3;3
0x000000005a398be7;1;143.2600;28.3029;796.9409;0.2002;0.0697;1.0000;2;2
0x000000005a398be7;2;82.4112;-7.1803;813.7548;-0.0305;0.0110;1.0000;1;1
0x000000005a398be7;3;118.4284;-33.3438;789.5250;0.0380;0.0132;1.0000;0;0
0x000000005a39d1dd;0;92.8029;46.9018;826.4323;-0.5245;0.1915;1.0000;3;3
0x000000005a39d1dd;1;143.3220;28.3313;796.9536;0.2050;0.0714;1.0000;2;2
0x000000005a39d1dd;2;82.4704;-7.1588;813.7426;-0.0292;0.0106;1.0000;1;1
0x000000005a39d1dd;3;118.5026;-33.3195;789.5250;0.0436;0.0151;1.0000;0;0
0x000000005a39f4d9;0;92.8195;46.9131;826.4145;-0.5197;0.1897;1.0000;3;3
0x000000005a39f4d9;1;143.3475;28.3404;796.9565;0.1988;0.0692;1.0000;2;2
0x000000005a39f4d9;2;82.4917;-7.1491;813.7264;-0.0255;0.0092;1.0000;1;1
0x000000005a39f4d9;3;118.5301;-33.3101;789.5261;0.0367;0.0127;1.0000;0;0
0x000000005a3a3acf;0;92.8268;46.9307;826.3645;-0.5186;0.1893;1.0000;3;3
0x000000005a3a3acf;1;143.3693;28.3579;796.9246;0.1984;0.0691;1.0000;2;2
0x000000005a3a3acf;2;82.5007;-7.1253;813.6657;-0.0177;0.0064;1.0000;1;1
0x000000005a3a3acf;3;118.5509;-33.2870;789.4768;0.0435;0.0151;1.0000;0;0
0x000000005a3a5221;0;92.8243;46.9413;826.3345;-0.5181;0.1891;1.0000;3;3
0x000000005a3a5221;1;143.3652;28.3669;796.9003;0.1969;0.0685;1.0000;2;2
0x000000005a3a5221;2;82.4940;-7.1156;813.6321;-0.0205;0.0074;1.0000;1;1
0x000000005a3a5221;3;118.5417;-33.2769;789.4409;0.0408;0.0142;1.0000;0;0
0x000000005a3a9818;0;92.7826;46.9658;826.2507;-0.5187;0.1893;1.0000;3;3
0x000000005a3a9818;1;143.3153;28.3989;796.7923;0.2014;0.0701;1.0000;2;2
0x000000005a3a9818;2;82.4377;-7.0800;813.5102;-0.0266;0.0096;1.0000;1;1
0x000000005a3a9818;3;118.4771;-33.2330;789.3016;0.0449;0.0156;1.0000;0;0
0x000000005a3ac6bc;0;92.7365;46.9732;826.1838;-0.5132;0.1873;1.0000;3;3
0x000000005a3ac6bc;1;143.2635;28.4119;796.7148;0.2025;0.0705;1.0000;2;2
0x000000005a3ac6bc;2;82.3761;-7.0607;813.4075;-0.0224;0.0081;1.0000;1;1
0x000000005a3ac6bc;3;118.4077;-33.2081;789.1849;0.0391;0.0136;1.0000;0;0
0x000000005a3b0cb3;0;92.6424;46.9613;826.0930;-0.5049;0.1842;1.0000;3;3
0x000000005a3b0cb3;1;143.1603;28.4003;796.5967;0.1971;0.0686;1.0000;2;2
0x000000005a3b0cb3;2;82.2636;-7.0601;813.2750;-0.0162;0.0059;1.0000;1;1
0x000000005a3b0cb3;3;118.2785;-33.2040;789.0286;0.0379;0.0131;1.0000;0;0
0x000000005a3b2405;0;92.6117;46.9534;826.0668;-0.5150;0.1879;1.0000;3;3
0x000000005a3b2405;1;143.1219;28.3876;796.5573;0.2019;0.0703;1.0000;2;2
0x000000005a3b2405;2;82.2226;-7.0659;813.2410;-0.0207;0.0075;1.0000;1;1
0x000000005a3b2405;3;118.2306;-33.2155;788.9888;0.0402;0.0140;1.0000;0;0
0x000000005a3b69fb;0;92.5108;46.9043;825.9993;-0.5118;0.1868;1.0000;3;3
0x000000005a3b69fb;1;143.0000;28.3178;796.4769;0.1980;0.0689;1.0000;2;2
0x000000005a3b69fb;2;82.0911;-7.1113;813.1879;-0.0220;0.0079;1.0000;1;1
0x000000005a3b69fb;3;118.0781;-33.2749;788.9132;0.0387;0.0134;1.0000;0;0
0x000000005a3b8cf6;0;92.4666;46.8724;825.9847;-0.5002;0.1825;1.0000;3;3
0x000000005a3b8cf6;1;142.9486;28.2719;796.4598;0.1981;0.0689;1.0000;2;2
0x000000005a3b8cf6;2;82.0301;-7.1388;813.1779;-0.0205;0.0074;1.0000;1;1
0x000000005a3b8cf6;3;118.0099;-33.3147;788.9016;0.0375;0.0130;1.0000;0;0
0x000000005a3bd2ed;0;92.3986;46.8231;825.9626;-0.5102;0.1862;1.0000;3;3
0x000000005a3bd2ed;1;142.8737;28.1987;796.4446;0.1968;0.0685;1.0000;2;2
0x000000005a3bd2ed;2;81.9472;-7.1901;813.1760;-0.0334;0.0121;1.0000;1;1
0x000000005a3bd2ed;3;117.9146;-33.3831;788.9090;0.0469;0.0163;1.0000;0;0
0x000000005a3bf5e8;0;92.3728;46.8036;825.9700;-0.5140;0.1876;1.0000;3;3
0x000000005a3bf5e8;1;142.8492;28.1768;796.4518;0.1917;0.0667;1.0000;2;2
0x000000005a3bf5e8;2;81.9224;-7.2110;813.1777;-0.0282;0.0102;1.0000;1;1
0x000000005a3bf5e8;3;117.8923;-33.4057;788.9213;0.0392;0.0136;1.0000;0;0
0x000000005a3c3bdf;0;92.3365;46.7815;825.9782;-0.5027;0.1834;1.0000;3;3
0x000000005a3c3bdf;1;142.8225;28.1551;796.4747;0.1987;0.0691;1.0000;2;2
0x000000005a3c3bdf;2;81.8940;-7.2338;813.1937;-0.0323;0.0117;1.0000;1;1
0x000000005a3c3bdf;3;117.8719;-33.4277;788.9456;0.0391;0.0136;1.0000;0;0
0x000000005a3c5331;0;92.3272;46.7814;825.9774;-0.5105;0.1863;1.0000;3;3
0x000000005a3c5331;1;142.8152;28.1522;796.4804;0.2033;0.0707;1.0000;2;2
0x000000005a3c5331;2;81.8853;-7.2379;813.2009;-0.0302;0.0109;1.0000;1;1
0x000000005a3c5331;3;117.8647;-33.4328;788.9585;0.0374;0.0130;1.0000;0;0
0x000000005a3c9927;0;92.2965;46.7791;825.9858;-0.5072;0.1851;1.0000;3;3
0x000000005a3c9927;1;142.7762;28.1477;796.4723;0.1966;0.0684;1.0000;2;2
0x000000005a3c9927;2;81.8561;-7.2419;813.2256;-0.0248;0.0090;1.0000;1;1
0x000000005a3c9927;3;117.8309;-33.4413;788.9740;0.0345;0.0120;1.0000;0;0
0x000000005a3cc7cc;0;92.2795;46.7884;825.9929;-0.5039;0.1839;1.0000;3;3
0x000000005a3cc7cc;1;142.7440;28.1504;796.4510;0.1924;0.0670;1.0000;2;2
0x000000005a3cc7cc;2;81.8315;-7.2346;813.2437;-0.0297;0.0107;1.0000;1;1
0x000000005a3cc7cc;3;117.7936;-33.4384;788.9785;0.0376;0.0130;1.0000;0;0
0x000000005a3d0dc2;0;92.2800;46.8100;826.0075;-0.5011;0.1829;1.0000;3;3
0x000000005a3d0dc2;1;142.7326;28.1658;796.4479;0.1943;0.0676;1.0000;2;2
0x000000005a3d0dc2;2;81.8210;-7.2103;813.2616;-0.0291;0.0105;1.0000;1;1
0x000000005a3d0dc2;3;117.7722;-33.4211;788.9857;0.0417;0.0145;1.0000;0;0
0x000000005a3d2514;0;92.2878;46.8217;826.0048;-0.5082;0.1854;1.0000;3;3
0x000000005a3d2514;1;142.7430;28.1761;796.4530;0.1957;0.0681;1.0000;2;2
0x000000005a3d2514;2;81.8316;-7.2023;813.2593;-0.0285;0.0103;1.0000;1;1
0x000000005a3d2514;3;117.7817;-33.4119;788.9959;0.0423;0.0147;1.0000;0;0
0x000000005a3d6b0b;0;92.3368;46.8489;826.0065;-0.5032;0.1836;1.0000;3;3
0x000000005a3d6b0b;1;142.8168;28.2195;796.4933;0.1983;0.0690;1.0000;2;2
0x000000005a3d6b0b;2;81.8988;-7.1721;813.2537;-0.0296;0.0107;1.0000;1;1
0x000000005a3d6b0b;3;117.8725;-33.3729;789.0005;0.0416;0.0144;1.0000;0;0
0x000000005a3d8e06;0;92.3683;46.8625;825.9960;-0.5064;0.1848;1.0000;3;3
0x000000005a3d8e06;1;142.8609;28.2427;796.5070;0.1957;0.0681;1.0000;2;2
0x000000005a3d8e06;2;81.9440;-7.1597;813.2391;-0.0280;0.0101;1.0000;1;1
0x000000005a3d8e06;3;117.9332;-33.3525;788.9972;0.0414;0.0144;1.0000;0;0
0x000000005a3dc853;0;92.4105;46.8820;825.9667;-0.5190;0.1894;1.0000;3;3
0x000000005a3dc853;1;142.9203;28.2698;796.5046;0.2010;0.0699;1.0000;2;2
0x000000005a3dc853;2;82.0071;-7.1487;813.2148;-0.0252;0.0091;1.0000;1;1
0x000000005a3dc853;3;118.0158;-33.3355;788.9924;0.0396;0.0137;1.0000;0;0
0x000000005a3deb4f;0;92.4253;46.8917;825.9349;-0.5141;0.1876;1.0000;3;3
0x000000005a3deb4f;1;142.9401;28.2778;796.4817;0.2004;0.0697;1.0000;2;2
0x000000005a3deb4f;2;82.0240;-7.1408;813.1878;-0.0224;0.0081;1.0000;1;1
0x000000005a3deb4f;3;118.0379;-33.3288;788.9734;0.0407;0.0141;1.0000;0;0
0x000000005a3e3145;0;92.4360;46.9261;825.8510;-0.5250;0.1915;1.0000;3;3
0x000000005a3e3145;1;142.9392;28.2977;796.3959;0.1997;0.0695;1.0000;2;2
0x000000005a3e3145;2;82.0162;-7.1019;813.1147;-0.0266;0.0096;1.0000;1;1
0x000000005a3e3145;3;118.0158;-33.3022;788.8921;0.0416;0.0144;1.0000;0;0
0x000000005a3e5440;0;92.4327;46.9444;825.8127;-0.5131;0.1872;1.0000;3;3
0x000000005a3e5440;1;142.9277;28.3109;796.3356;0.1988;0.0692;1.0000;2;2
0x000000005a3e5440;2;82.0051;-7.0808;813.0664;-0.0244;0.0088;1.0000;1;1
0x000000005a3e5440;3;117.9952;-33.2837;788.8342;0.0339;0.0118;1.0000;0;0
0x000000005a3e9a37;0;92.4385;46.9686;825.7202;-0.5033;0.1836;1.0000;3;3
0x000000005a3e9a37;1;142.9176;28.3291;796.2173;0.2020;0.0703;1.0000;2;2
0x000000005a3e9a37;2;81.9950;-7.0527;812.9737;-0.0218;0.0078;1.0000;1;1
0x000000005a3e9a37;3;117.9685;-33.2589;788.7272;0.0416;0.0144;1.0000;0;0
0x000000005a3eb189;0;92.4482;46.9787;825.6871;-0.5189;0.1893;1.0000;3;3
0x000000005a3eb189;1;142.9229;28.3331;796.1815;0.2023;0.0704;1.0000;2;2
0x000000005a3eb189;2;81.9983;-7.0463;812.9417;-0.0228;0.0082;1.0000;1;1
0x000000005a3eb189;3;117.9715;-33.2558;788.6943;0.0405;0.0140;1.0000;0;0
0x000000005a3ef77f;0;92.4862;46.9823;825.5894;-0.5146;0.1877;1.0000;3;3
0x000000005a3ef77f;1;142.9610;28.3357;796.0864;0.1994;0.0694;1.0000;2;2
0x000000005a3ef77f;2;82.0393;-7.0406;812.8536;-0.0245;0.0089;1.0000;1;1
0x000000005a3ef77f;3;118.0108;-33.2537;788.6064;0.0420;0.0146;1.0000;0;0
0x000000005a3f1a7b;0;92.5103;46.9843;825.5439;-0.5098;0.1859;1.0000;3;3
0x000000005a3f1a7b;1;142.9888;28.3379;796.0386;0.2019;0.0702;1.0000;2;2
0x000000005a3f1a7b;2;82.0687;-7.0406;812.8079;-0.0342;0.0124;1.0000;1;1
0x000000005a3f1a7b;3;118.0426;-33.2523;788.5694;0.0368;0.0128;1.0000;0;0
0x000000005a3f6c1a;0;92.5815;46.9900;825.4580;-0.5110;0.1863;1.0000;3;3
0x000000005a3f6c1a;1;143.0673;28.3535;795.9543;0.2004;0.0697;1.0000;2;2
0x000000005a3f6c1a;2;82.1457;-7.0321;812.7010;-0.0263;0.0095;1.0000;1;1
0x000000005a3f6c1a;3;118.1235;-33.2354;788.4545;0.0445;0.0154;1.0000;0;0
0x000000005a3f8f15;0;92.6137;46.9899;825.4274;-0.5120;0.1867;1.0000;3;3
0x000000005a3f8f15;1;143.1002;28.3655;795.9283;0.2056;0.0715;1.0000;2;2
0x000000005a3f8f15;2;82.1815;-7.0322;812.6570;-0.0213;0.0077;1.0000;1;1
0x000000005a3f8f15;3;118.1638;-33.2241;788.4041;0.0399;0.0138;1.0000;0;0
0x000000005a3fe0b5;0;92.6921;46.9951;825.3967;-0.5216;0.1902;1.0000;3;3
0x000000005a3fe0b5;1;143.1838;28.3898;795.8818;0.2038;0.0709;1.0000;2;2
0x000000005a3fe0b5;2;82.2657;-7.0241;812.5828;-0.0262;0.0094;1.0000;1;1
0x000000005a3fe0b5;3;118.2527;-33.1984;788.3247;0.0339;0.0117;1.0000;0;0
0x000000005a3ff807;0;92.7157;46.9942;825.3853;-0.5182;0.1889;1.0000;3;3
0x000000005a3ff807;1;143.2102;28.3942;795.8834;0.2016;0.0701;1.0000;2;2
0x000000005a3ff807;2;82.2903;-7.0213;812.5782;-0.0184;0.0066;1.0000;1;1
0x000000005a3ff807;3;118.2809;-33.1937;788.3188;0.0414;0.0143;1.0000;0;0
0x000000005a403dfe;0;92.7814;46.9968;825.3920;-0.5075;0.1850;1.0000;3;3
0x000000005a403dfe;1;143.2887;28.3966;795.9073;0.2058;0.0715;1.0000;2;2
0x000000005a403dfe;2;82.3688;-7.0221;812.5988;-0.0227;0.0082;1.0000;1;1
0x000000005a403dfe;3;118.3723;-33.1953;788.3583;0.0404;0.0140;1.0000;0;0
0x000000005a405550;0;92.8042;46.9998;825.3964;-0.5079;0.1852;1.0000;3;3
0x000000005a405550;1;143.3117;28.3962;795.9161;0.2034;0.0707;1.0000;2;2
0x000000005a405550;2;82.3949;-7.0247;812.6112;-0.0160;0.0058;1.0000;1;1
0x000000005a405550;3;118.4008;-33.2017;788.3798;0.0413;0.0143;1.0000;0;0
0x000000005a40a6ef;0;92.8555;47.0010;825.4247;-0.5140;0.1874;1.0000;3;3
0x000000005a40a6ef;1;143.3611;28.3893;795.9410;0.1998;0.0695;1.0000;2;2
0x000000005a40a6ef;2;82.4597;-7.0347;812.6857;-0.0175;0.0063;1.0000;1;1
0x000000005a40a6ef;3;118.4638;-33.2209;788.4641;0.0418;0.0145;1.0000;0;0
0x000000005a40be42;0;92.8643;47.0022;825.4285;-0.5062;0.1846;1.0000;3;3
0x000000005a40be42;1;143.3699;28.3874;795.9435;0.1959;0.0681;1.0000;2;2
0x000000005a40be42;2;82.4713;-7.0350;812.7011;-0.0228;0.0082;1.0000;1;1
0x000000005a40be42;3;118.4756;-33.2232;788.4778;0.0398;0.0138;1.0000;0;0
0x000000005a410438;0;92.8915;47.0183;825.4592;-0.5149;0.1877;1.0000;3;3
0x000000005a410438;1;143.3899;28.4054;795.9703;0.2002;0.0696;1.0000;2;2
0x000000005a410438;2;82.4966;-7.0212;812.7308;-0.0259;0.0093;1.0000;1;1
0x000000005a410438;3;118.4980;-33.2090;788.4994;0.0324;0.0112;1.0000;0;0
0x000000005a412733;0;92.9032;47.0243;825.4742;-0.5196;0.1895;1.0000;3;3
0x000000005a412733;1;143.4064;28.4210;795.9887;0.2040;0.0709;1.0000;2;2
0x000000005a412733;2;82.5113;-7.0112;812.7393;-0.0273;0.0098;1.0000;1;1
0x000000005a412733;3;118.5153;-33.1905;788.5010;0.0348;0.0121;1.0000;0;0
0x000000005a416d2a;0;92.9322;47.0362;825.5146;-0.5093;0.1857;1.0000;3;3
0x000000005a416d2a;1;143.4470;28.4511;796.0342;0.1940;0.0675;1.0000;2;2
0x000000005a416d2a;2;82.5521;-6.9982;812.7502;-0.0211;0.0076;1.0000;1;1
0x000000005a416d2a;3;118.5665;-33.1602;788.5173;0.0449;0.0156;1.0000;0;0
0x000000005a419025;0;92.9428;47.0332;825.5338;-0.5048;0.1841;1.0000;3;3
0x000000005a419025;1;143.4628;28.4539;796.0571;0.1971;0.0685;1.0000;2;2
0x000000005a419025;2;82.5707;-7.0020;812.7709;-0.0199;0.0072;1.0000;1;1
0x000000005a419025;3;118.5921;-33.1610;788.5410;0.0424;0.0147;1.0000;0;0
0x000000005a41d61b;0;92.9460;47.0113;825.5616;-0.5181;0.1889;1.0000;3;3
0x000000005a41d61b;1;143.4657;28.4224;796.0896;0.1964;0.0683;1.0000;2;2
0x000000005a41d61b;2;82.5771;-7.0317;812.8101;-0.0189;0.0068;1.0000;1;1
0x000000005a41d61b;3;118.5994;-33.1994;788.5981;0.0374;0.0130;1.0000;0;0
0x000000005a41f917;0;92.9349;46.9969;825.5646;-0.5183;0.1890;1.0000;3;3
0x000000005a41f917;1;143.4511;28.3977;796.1004;0.2088;0.0726;1.0000;2;2
0x000000005a41f917;2;82.5600;-7.0456;812.8274;-0.0173;0.0063;1.0000;1;1
0x000000005a41f917;3;118.5773;-33.2217;788.6171;0.0376;0.0131;1.0000;0;0
0x000000005a423f0d;0;92.9001;46.9846;825.5670;-0.5124;0.1869;1.0000;3;3
0x000000005a423f0d;1;143.4058;28.3650;796.0897;0.2009;0.0699;1.0000;2;2
0x000000005a423f0d;2;82.5083;-7.0552;812.8497;-0.0230;0.0083;1.0000;1;1
0x000000005a423f0d;3;118.5123;-33.2512;788.6317;0.0425;0.0147;1.0000;0;0
0x000000005a426208;0;92.8851;46.9858;825.5549;-0.5179;0.1889;1.0000;3;3
0x000000005a426208;1;143.3827;28.3611;796.0696;0.1997;0.0694;1.0000;2;2
0x000000005a426208;2;82.4861;-7.0577;812.8447;-0.0207;0.0075;1.0000;1;1
0x000000005a426208;3;118.4855;-33.2554;788.6262;0.0394;0.0137;1.0000;0;0
0x000000005a42b3a8;0;92.8462;46.9837;825.5361;-0.5156;0.1880;1.0000;3;3
0x000000005a42b3a8;1;143.3374;28.3614;796.0385;0.1993;0.0693;1.0000;2;2
0x000000005a42b3a8;2;82.4472;-7.0601;812.8348;-0.0187;0.0067;1.0000;1;1
0x000000005a42b3a8;3;118.4433;-33.2545;788.6021;0.0422;0.0146;1.0000;0;0
0x000000005a42d6a3;0;92.8252;46.9785;825.5280;-0.5184;0.1890;1.0000;3;3
0x000000005a42d6a3;1;143.3186;28.3598;796.0338;0.2017;0.0701;1.0000;2;2
0x000000005a42d6a3;2;82.4285;-7.0634;812.8263;-0.0213;0.0077;1.0000;1;1
0x000000005a42d6a3;3;118.4251;-33.2578;788.5992;0.0419;0.0145;1.0000;0;0
0x000000005a431c9a;0;92.7798;46.9698;825.5130;-0.5185;0.1891;1.0000;3;3
0x000000005a431c9a;1;143.2732;28.3428;796.0257;0.1999;0.0695;1.0000;2;2
0x000000005a431c9a;2;82.3726;-7.0688;812.8104;-0.0196;0.0071;1.0000;1;1
0x000000005a431c9a;3;118.3682;-33.2696;788.5834;0.0376;0.0130;1.0000;0;0
0x000000005a4333ec;0;92.7671;46.9727;825.5122;-0.5182;0.1890;1.0000;3;3
0x000000005a4333ec;1;143.2551;28.3355;796.0224;0.1983;0.0690;1.0000;2;2
0x000000005a4333ec;2;82.3501;-7.0670;812.8056;-0.0170;0.0061;1.0000;1;1
0x000000005a4333ec;3;118.3415;-33.2729;788.5774;0.0421;0.0146;1.0000;0;0
0x000000005a4379e2;0;92.7203;46.9691;825.5003;-0.5168;0.1885;1.0000;3;3
0x000000005a4379e2;1;143.2049;28.3167;796.0219;0.2037;0.0708;1.0000;2;2
0x000000005a4379e2;2;82.2847;-7.0625;812.7861;-0.0169;0.0061;1.0000;1;1
0x000000005a4379e2;3;118.2667;-33.2818;788.5626;0.0422;0.0146;1.0000;0;0
0x000000005a43a887;0;92.6997;46.9690;825.5026;-0.5165;0.1883;1.0000;3;3
0x000000005a43a887;1;143.1850;28.3083;796.0210;0.2032;0.0706;1.0000;2;2
0x000000005a43a887;2;82.2554;-7.0613;812.7780;-0.0187;0.0068;1.0000;1;1
0x000000005a43a887;3;118.2354;-33.2848;788.5591;0.0344;0.0119;1.0000;0;0
0x000000005a43ee7d;0;92.6882;46.9624;825.4825;-0.5158;0.1881;1.0000;3;3
0x000000005a43ee7d;1;143.1792;28.2993;796.0238;0.2004;0.0697;1.0000;2;2
0x000000005a43ee7d;2;82.2437;-7.0650;812.7526;-0.0204;0.0074;1.0000;1;1
0x000000005a43ee7d;3;118.2282;-33.2905;788.5458;0.0377;0.0131;1.0000;0;0
0x000000005a4405cf;0;92.6847;46.9602;825.4775;-0.5183;0.1890;1.0000;3;3
0x000000005a4405cf;1;143.1806;28.2981;796.0152;0.2026;0.0704;1.0000;2;2
0x000000005a4405cf;2;82.2437;-7.0706;812.7410;-0.0188;0.0068;1.0000;1;1
0x000000005a4405cf;3;118.2324;-33.2952;788.5410;0.0353;0.0122;1.0000;0;0
0x000000005a444bc6;0;92.6776;46.9485;825.4404;-0.5223;0.1905;1.0000;3;3
0x000000005a444bc6;1;143.1730;28.2916;795.9808;0.2021;0.0703;1.0000;2;2
0x000000005a444bc6;2;82.2409;-7.0827;812.7114;-0.0148;0.0053;1.0000;1;1
0x000000005a444bc6;3;118.2333;-33.3037;788.5052;0.0413;0.0143;1.0000;0;0
0x000000005a446ec1;0;92.6710;46.9482;825.4293;-0.5222;0.1904;1.0000;3;3
0x000000005a446ec1;1;143.1631;28.2948;795.9596;0.1953;0.0679;1.0000;2;2
0x000000005a446ec1;2;82.2341;-7.0814;812.6960;-0.0164;0.0059;1.0000;1;1
0x000000005a446ec1;3;118.2208;-33.2980;788.4837;0.0421;0.0146;1.0000;0;0
0x000000005a44a90e;0;92.6658;46.9601;825.4200;-0.5177;0.1888;1.0000;3;3
0x000000005a44a90e;1;143.1484;28.3098;795.9230;0.2032;0.0706;1.0000;2;2
0x000000005a44a90e;2;82.2231;-7.0675;812.6718;-0.0204;0.0074;1.0000;1;1
0x000000005a44a90e;3;118.2005;-33.2815;788.4392;0.0426;0.0148;1.0000;0;0
0x000000005a44cc0a;0;92.6676;46.9671;825.4144;-0.5131;0.1871;1.0000;3;3
0x000000005a44cc0a;1;143.1464;28.3215;795.9137;0.2118;0.0736;1.0000;2;2
0x000000005a44cc0a;2;82.2240;-7.0574;812.6691;-0.0214;0.0077;1.0000;1;1
0x000000005a44cc0a;3;118.1988;-33.2678;788.4245;0.0392;0.0136;1.0000;0;0
0x000000005a450657;0;92.6784;46.9820;825.4180;-0.5276;0.1924;1.0000;3;3
0x000000005a450657;1;143.1583;28.3403;795.9077;0.2044;0.0711;1.0000;2;2
0x000000005a450657;2;82.2431;-7.0469;812.6707;-0.0236;0.0085;1.0000;1;1
0x000000005a450657;3;118.2187;-33.2540;788.4293;0.0410;0.0142;1.0000;0;0
0x000000005a452952;0;92.6920;46.9899;825.4146;-0.5172;0.1886;1.0000;3;3
0x000000005a452952;1;143.1725;28.3488;795.9163;0.2019;0.0702;1.0000;2;2
0x000000005a452952;2;82.2586;-7.0419;812.6844;-0.0212;0.0076;1.0000;1;1
0x000000005a452952;3;118.2388;-33.2490;788.4409;0.0374;0.0130;1.0000;0;0
0x000000005a456f49;0;92.7133;47.0011;825.4263;-0.5094;0.1858;1.0000;3;3
0x000000005a456f49;1;143.2032;28.3612;795.9416;0.2068;0.0719;1.0000;2;2
0x000000005a456f49;2;82.2914;-7.0340;812.7020;-0.0230;0.0083;1.0000;1;1
0x000000005a456f49;3;118.2800;-33.2416;788.4776;0.0396;0.0137;1.0000;0;0
0x000000005a45869b;0;92.7195;47.0099;825.4256;-0.5238;0.1910;1.0000;3;3
0x000000005a45869b;1;143.2092;28.3684;795.9428;0.2071;0.0720;1.0000;2;2
0x000000005a45869b;2;82.2974;-7.0277;812.7007;-0.0273;0.0099;1.0000;1;1
0x000000005a45869b;3;118.2863;-33.2355;788.4819;0.0361;0.0125;1.0000;0;0
0x000000005a45cc91;0;92.7228;47.0324;825.4388;-0.5197;0.1895;1.0000;3;3
0x000000005a45cc91;1;143.2148;28.4030;795.9417;0.2019;0.0702;1.0000;2;2
0x000000005a45cc91;2;82.3042;-6.9997;812.6921;-0.0267;0.0096;1.0000;1;1
0x000000005a45cc91;3;118.2933;-33.1981;788.4681;0.0381;0.0132;1.0000;0;0
0x000000005a45ef8d;0;92.7206;47.0406;825.4495;-0.5163;0.1883;1.0000;3;3
0x000000005a45ef8d;1;143.2119;28.4171;795.9438;0.2012;0.0699;1.0000;2;2
0x000000005a45ef8d;2;82.3007;-6.9884;812.6939;-0.0244;0.0088;1.0000;1;1
0x000000005a45ef8d;3;118.2899;-33.1810;788.4542;0.0337;0.0117;1.0000;0;0
0x000000005a463583;0;92.7204;47.0468;825.4677;-0.5180;0.1889;1.0000;3;3
0x000000005a463583;1;143.2084;28.4189;795.9599;0.2029;0.0705;1.0000;2;2
0x000000005a463583;2;82.2942;-6.9830;812.7031;-0.0260;0.0094;1.0000;1;1
0x000000005a463583;3;118.2804;-33.1767;788.4673;0.0397;0.0138;1.0000;0;0
0x000000005a464cd5;0;92.7217;47.0401;825.4698;-0.5226;0.1906;1.0000;3;3
0x000000005a464cd5;1;143.2110;28.4097;795.9741;0.2047;0.0712;1.0000;2;2
0x000000005a464cd5;2;82.2965;-6.9898;812.7137;-0.0230;0.0083;1.0000;1;1
0x000000005a464cd5;3;118.2818;-33.1867;788.4830;0.0417;0.0145;1.0000;0;0
0x000000005a4692cc;0;92.7321;47.0199;825.4698;-0.5222;0.1904;1.0000;3;3
0x000000005a4692cc;1;143.2245;28.3684;795.9874;0.2058;0.0716;1.0000;2;2
0x000000005a4692cc;2;82.3062;-7.0186;812.7469;-0.0237;0.0085;1.0000;1;1
0x000000005a4692cc;3;118.2964;-33.2343;788.5407;0.0458;0.0159;1.0000;0;0
0x000000005a46b5c7;0;92.7365;47.0112;825.4592;-0.5254;0.1916;1.0000;3;3
0x000000005a46b5c7;1;143.2313;28.3558;795.9909;0.2088;0.0726;1.0000;2;2
0x000000005a46b5c7;2;82.3136;-7.0319;812.7568;-0.0250;0.0090;1.0000;1;1
0x000000005a46b5c7;3;118.3088;-33.2499;788.5546;0.0413;0.0143;1.0000;0;0
0x000000005a46fbbe;0;92.7311;47.0038;825.4271;-0.5118;0.1866;1.0000;3;3
0x000000005a46fbbe;1;143.2297;28.3617;795.9559;0.2063;0.0717;1.0000;2;2
0x000000005a46fbbe;2;82.3195;-7.0372;812.7219;-0.0193;0.0070;1.0000;1;1
0x000000005a46fbbe;3;118.3182;-33.2477;788.5206;0.0451;0.0156;1.0000;0;0
0x000000005a471310;0;92.7265;47.0109;825.4152;-0.5232;0.1908;1.0000;3;3
0x000000005a471310;1;143.2214;28.3715;795.9401;0.2045;0.0711;1.0000;2;2
0x000000005a471310;2;82.3153;-7.0325;812.7035;-0.0157;0.0057;1.0000;1;1
0x000000005a471310;3;118.3110;-33.2401;788.4942;0.0398;0.0138;1.0000;0;0
0x000000005a475906;0;92.6983;47.0235;825.3988;-0.5205;0.1898;1.0000;3;3
0x000000005a475906;1;143.1889;28.3949;795.9017;0.2044;0.0711;1.0000;2;2
0x000000005a475906;2;82.2762;-7.0083;812.6454;-0.0231;0.0083;1.0000;1;1
0x000000005a475906;3;118.2643;-33.2050;788.4106;0.0339;0.0117;1.0000;0;0
0x000000005a477c01;0;92.6823;47.0261;825.3858;-0.5221;0.1904;1.0000;3;3
0x000000005a477c01;1;143.1705;28.3988;795.8945;0.1972;0.0685;1.0000;2;2
0x000000005a477c01;2;82.2536;-7.0004;812.6297;-0.0217;0.0078;1.0000;1;1
0x000000005a477c01;3;118.2390;-33.1952;788.3875;0.0389;0.0135;1.0000;0;0
0x000000005a47c1f8;0;92.6565;47.0300;825.3798;-0.5038;0.1837;1.0000;3;3
0x000000005a47c1f8;1;143.1496;28.3910;795.8982;0.1985;0.0690;1.0000;2;2
0x000000005a47c1f8;2;82.2191;-6.9924;812.6210;-0.0288;0.0104;1.0000;1;1
0x000000005a47c1f8;3;118.2035;-33.1945;788.3831;0.0385;0.0133;1.0000;0;0
0x000000005a47e4f3;0;92.6499;47.0326;825.3762;-0.5179;0.1888;1.0000;3;3
0x000000005a47e4f3;1;143.1452;28.3862;795.8991;0.2054;0.0714;1.0000;2;2
0x000000005a47e4f3;2;82.2109;-6.9951;812.6149;-0.0250;0.0090;1.0000;1;1
0x000000005a47e4f3;3;118.1989;-33.2002;788.3899;0.0392;0.0136;1.0000;0;0
0x000000005a482aea;0;92.6295;47.0226;825.3555;-0.5144;0.1876;1.0000;3;3
0x000000005a482aea;1;143.1312;28.3802;795.8903;0.2053;0.0714;1.0000;2;2
0x000000005a482aea;2;82.1991;-7.0058;812.6053;-0.0284;0.0102;1.0000;1;1
0x000000005a482aea;3;118.1941;-33.2116;788.3855;0.0373;0.0129;1.0000;0;0
0x000000005a48423c;0;92.6186;47.0190;825.3521;-0.5112;0.1864;1.0000;3;3
0x000000005a48423c;1;143.1200;28.3801;795.8838;0.2049;0.0712;1.0000;2;2
0x000000005a48423c;2;82.1903;-7.0071;812.6058;-0.0228;0.0082;1.0000;1;1
0x000000005a48423c;3;118.1845;-33.2122;788.3809;0.0328;0.0114;1.0000;0;0
0x000000005a4893db;0;92.5738;47.0231;825.3402;-0.5163;0.1882;1.0000;3;3
0x000000005a4893db;1;143.0563;28.3838;795.8297;0.2098;0.0729;1.0000;2;2
0x000000005a4893db;2;82.1389;-7.0055;812.5834;-0.0258;0.0093;1.0000;1;1
0x000000005a4893db;3;118.1166;-33.2087;788.3420;0.0345;0.0120;1.0000;0;0
0x000000005a48b6d7;0;92.5579;47.0200;825.3320;-0.5188;0.1892;1.0000;3;3
0x000000005a48b6d7;1;143.0340;28.3787;795.8207;0.2039;0.0709;1.0000;2;2
0x000000005a48b6d7;2;82.1147;-7.0044;812.5734;-0.0281;0.0101;1.0000;1;1
0x000000005a48b6d7;3;118.0860;-33.2098;788.3332;0.0387;0.0134;1.0000;0;0
0x000000005a48fccd;0;92.5384;47.0086;825.3433;-0.5065;0.1847;1.0000;3;3
0x000000005a48fccd;1;143.0166;28.3613;795.8321;0.2087;0.0726;1.0000;2;2
0x000000005a48fccd;2;82.0878;-7.0122;812.5811;-0.0261;0.0094;1.0000;1;1
0x000000005a48fccd;3;118.0595;-33.2225;788.3375;0.0410;0.0142;1.0000;0;0
0x000000005a49141f;0;92.5391;47.0069;825.3421;-0.5130;0.1871;1.0000;3;3
0x000000005a49141f;1;143.0194;28.3537;795.8420;0.1964;0.0683;1.0000;2;2
0x000000005a49141f;2;82.0875;-7.0158;812.5834;-0.0248;0.0089;1.0000;1;1
0x000000005a49141f;3;118.0624;-33.2314;788.3468;0.0322;0.0112;1.0000;0;0
0x000000005a495a16;0;92.5413;46.9913;825.3354;-0.5161;0.1882;1.0000;3;3
0x000000005a495a16;1;143.0388;28.3321;795.8700;0.2035;0.0707;1.0000;2;2
0x000000005a495a16;2;82.0973;-7.0325;812.5884;-0.0220;0.0079;1.0000;1;1
0x000000005a495a16;3;118.0840;-33.2531;788.3824;0.0428;0.0149;1.0000;0;0
0x000000005a4988ba;0;92.5411;46.9946;825.3305;-0.5134;0.1872;1.0000;3;3
0x000000005a4988ba;1;143.0421;28.3341;795.8730;0.2066;0.0718;1.0000;2;2
0x000000005a4988ba;2;82.1011;-7.0334;812.5904;-0.0269;0.0097;1.0000;1;1
0x000000005a4988ba;3;118.0925;-33.2546;788.3846;0.0398;0.0138;1.0000;0;0
0x000000005a49ceb0;0;92.5241;47.0117;825.3209;-0.5107;0.1862;1.0000;3;3
0x000000005a49ceb0;1;143.0206;28.3632;795.8455;0.2061;0.0717;1.0000;2;2
0x000000005a49ceb0;2;82.0910;-7.0136;812.5790;-0.0214;0.0077;1.0000;1;1
0x000000005a49ceb0;3;118.0796;-33.2271;788.3647;0.0409;0.0142;1.0000;0;0
0x000000005a49fd55;0;92.5105;47.0354;825.3185;-0.5029;0.1834;1.0000;3;3
0x000000005a49fd55;1;142.9964;28.3903;795.8250;0.2051;0.0713;1.0000;2;2
0x000000005a49fd55;2;82.0732;-6.9912;812.5693;-0.0220;0.0079;1.0000;1;1
0x000000005a49fd55;3;118.0541;-33.1999;788.3420;0.0359;0.0124;1.0000;0;0
0x000000005a4a434b;0;92.4976;47.0612;825.3351;-0.5098;0.1859;1.0000;3;3
0x000000005a4a434b;1;142.9730;28.4140;795.8242;0.2061;0.0717;1.0000;2;2
0x000000005a4a434b;2;82.0525;-6.9623;812.5879;-0.0250;0.0090;1.0000;1;1
0x000000005a4a434b;3;118.0214;-33.1728;788.3488;0.0352;0.0122;1.0000;0;0
0x000000005a4a5a9d;0;92.4993;47.0701;825.3392;-0.5137;0.1873;1.0000;3;3
0x000000005a4a5a9d;1;142.9740;28.4154;795.8295;0.1983;0.0690;1.0000;2;2
0x000000005a4a5a9d;2;82.0509;-6.9581;812.5999;-0.0252;0.0091;1.0000;1;1
0x000000005a4a5a9d;3;118.0200;-33.1718;788.3580;0.0336;0.0116;1.0000;0;0
0x000000005a4aac3d;0;92.5158;47.0776;825.3493;-0.5166;0.1884;1.0000;3;3
0x000000005a4aac3d;1;143.0048;28.4041;795.8767;0.2043;0.0710;1.0000;2;2
0x000000005a4aac3d;2;82.0719;-6.9566;812.6338;-0.0270;0.0097;1.0000;1;1
0x000000005a4aac3d;3;118.0516;-33.1868;788.4279;0.0343;0.0119;1.0000;0;0
0x000000005a4ac38f;0;92.5216;47.0760;825.3442;-0.5052;0.1842;1.0000;3;3
0x000000005a4ac38f;1;143.0143;28.4044;795.8835;0.2037;0.0708;1.0000;2;2
0x000000005a4ac38f;2;82.0804;-6.9560;812.6383;-0.0266;0.0096;1.0000;1;1
0x000000005a4ac38f;3;118.0657;-33.1875;788.4407;0.0376;0.0131;1.0000;0;0
0x000000005a4b0986;0;92.5358;47.1014;825.3266;-0.5185;0.1890;1.0000;3;3
0x000000005a4b0986;1;143.0352;28.4268;795.8771;0.2041;0.0710;1.0000;2;2
0x000000005a4b0986;2;82.0956;-6.9345;812.6155;-0.0201;0.0072;1.0000;1;1
0x000000005a4b0986;3;118.0875;-33.1642;788.4213;0.0312;0.0108;1.0000;0;0
0x000000005a4b2c81;0;92.5344;47.1154;825.3096;-0.5116;0.1865;1.0000;3;3
0x000000005a4b2c81;1;143.0368;28.4479;795.8580;0.2026;0.0704;1.0000;2;2
0x000000005a4b2c81;2;82.0986;-6.9178;812.5889;-0.0236;0.0085;1.0000;1;1
0x000000005a4b2c81;3;118.0901;-33.1434;788.3948;0.0325;0.0113;1.0000;0;0
0x000000005a4b7e20;0;92.5240;47.1486;825.2568;-0.5066;0.1847;1.0000;3;3
0x000000005a4b7e20;1;143.0211;28.4992;795.7857;0.2017;0.0701;1.0000;2;2
0x000000005a4b7e20;2;82.0870;-6.8794;812.5094;-0.0249;0.0090;1.0000;1;1
0x000000005a4b7e20;3;118.0754;-33.0903;788.3006;0.0322;0.0112;1.0000;0;0
0x000000005a4ba11c;0;92.5142;47.1571;825.2399;-0.5123;0.1868;1.0000;3;3
0x000000005a4ba11c;1;143.0079;28.5162;795.7590;0.1976;0.0687;1.0000;2;2
0x000000005a4ba11c;2;82.0756;-6.8673;812.4829;-0.0283;0.0102;1.0000;1;1
0x000000005a4ba11c;3;118.0609;-33.0708;788.2582;0.0348;0.0121;1.0000;0;0
0x000000005a4bf2bb;0;92.4960;47.1676;825.2178;-0.5079;0.1852;1.0000;3;3
0x000000005a4bf2bb;1;142.9784;28.5295;795.7100;0.1984;0.0690;1.0000;2;2
0x000000005a4bf2bb;2;82.0508;-6.8527;812.4503;-0.0198;0.0071;1.0000;1;1
0x000000005a4bf2bb;3;118.0243;-33.0546;788.2009;0.0322;0.0112;1.0000;0;0
0x000000005a4c15b6;0;92.4979;47.1674;825.2188;-0.5188;0.1891;1.0000;3;3
0x000000005a4c15b6;1;142.9766;28.5228;795.7032;0.1973;0.0686;1.0000;2;2
0x000000005a4c15b6;2;82.0483;-6.8567;812.4544;-0.0298;0.0107;1.0000;1;1
0x000000005a4c15b6;3;118.0180;-33.0630;788.2050;0.0371;0.0129;1.0000;0;0
0x000000005a4c5bad;0;92.5067;47.1529;825.2291;-0.5201;0.1896;1.0000;3;3
0x000000005a4c5bad;1;142.9862;28.4995;795.7252;0.1973;0.0686;1.0000;2;2
0x000000005a4c5bad;2;82.0622;-6.8760;812.4880;-0.0247;0.0089;1.0000;1;1
0x000000005a4c5bad;3;118.0364;-33.0888;788.2530;0.0408;0.0141;1.0000;0;0
0x000000005a4c7ea8;0;92.5192;47.1445;825.2376;-0.5080;0.1852;1.0000;3;3
0x000000005a4c7ea8;1;143.0028;28.4889;795.7411;0.1946;0.0677;1.0000;2;2
0x000000005a4c7ea8;2;82.0753;-6.8839;812.5073;-0.0224;0.0081;1.0000;1;1
0x000000005a4c7ea8;3;118.0527;-33.1008;788.2844;0.0381;0.0132;1.0000;0;0
0x000000005a4cc49f;0;92.5464;47.1400;825.2588;-0.5052;0.1842;1.0000;3;3
0x000000005a4cc49f;1;143.0465;28.4818;795.7966;0.2060;0.0716;1.0000;2;2
0x000000005a4cc49f;2;82.1105;-6.8901;812.5267;-0.0302;0.0109;1.0000;1;1
0x000000005a4cc49f;3;118.1012;-33.1082;788.3190;0.0361;0.0125;1.0000;0;0
0x000000005a4cdbf1;0;92.5604;47.1420;825.2529;-0.5087;0.1855;1.0000;3;3
0x000000005a4cdbf1;1;143.0613;28.4821;795.8118;0.1979;0.0688;1.0000;2;2
0x000000005a4cdbf1;2;82.1231;-6.8908;812.5292;-0.0248;0.0089;1.0000;1;1
0x000000005a4cdbf1;3;118.1173;-33.1094;788.3350;0.0381;0.0132;1.0000;0;0
0x000000005a4d21e7;0;92.5870;47.1419;825.2687;-0.5117;0.1866;1.0000;3;3
0x000000005a4d21e7;1;143.1040;28.4867;795.8495;0.2054;0.0714;1.0000;2;2
0x000000005a4d21e7;2;82.1547;-6.8861;812.5345;-0.0214;0.0077;1.0000;1;1
0x000000005a4d21e7;3;118.1606;-33.1030;788.3506;0.0404;0.0140;1.0000;0;0
0x000000005a4d44e3;0;92.5966;47.1448;825.2762;-0.5130;0.1870;1.0000;3;3
0x000000005a4d44e3;1;143.1181;28.4911;795.8685;0.2023;0.0703;1.0000;2;2
0x000000005a4d44e3;2;82.1657;-6.8812;812.5384;-0.0248;0.0089;1.0000;1;1
0x000000005a4d44e3;3;118.1744;-33.0972;788.3559;0.0350;0.0121;1.0000;0;0
0x000000005a4d8ad9;0;92.6087;47.1543;825.2837;-0.5180;0.1889;1.0000;3;3
0x000000005a4d8ad9;1;143.1273;28.4993;795.8681;0.2023;0.0703;1.0000;2;2
0x000000005a4d8ad9;2;82.1824;-6.8796;812.5501;-0.0267;0.0096;1.0000;1;1
0x000000005a4d8ad9;3;118.1912;-33.0948;788.3702;0.0407;0.0141;1.0000;0;0
0x000000005a4dadd4;0;92.6074;47.1542;825.2871;-0.5148;0.1877;1.0000;3;3
0x000000005a4dadd4;1;143.1251;28.4950;795.8619;0.1975;0.0687;1.0000;2;2
0x000000005a4dadd4;2;82.1821;-6.8796;812.5615;-0.0253;0.0091;1.0000;1;1
0x000000005a4dadd4;3;118.1887;-33.0980;788.3844;0.0423;0.0147;1.0000;0;0
0x000000005a4df3cb;0;92.6100;47.1598;825.2670;-0.5136;0.1872;1.0000;3;3
0x000000005a4df3cb;1;143.1214;28.4866;795.8484;0.1966;0.0683;1.0000;2;2
0x000000005a4df3cb;2;82.1743;-6.8746;812.5698;-0.0247;0.0089;1.0000;1;1
0x000000005a4df3cb;3;118.1749;-33.1064;788.3900;0.0394;0.0136;1.0000;0;0
0x000000005a4e16c6;0;92.6144;47.1743;825.2520;-0.5241;0.1911;1.0000;3;3
0x000000005a4e16c6;1;143.1215;28.4909;795.8250;0.2023;0.0703;1.0000;2;2
0x000000005a4e16c6;2;82.1767;-6.8668;812.5533;-0.0252;0.0091;1.0000;1;1
0x000000005a4e16c6;3;118.1724;-33.1033;788.3787;0.0383;0.0133;1.0000;0;0
0x000000005a4e6866;0;92.6213;47.1955;825.1744;-0.5173;0.1886;1.0000;3;3
0x000000005a4e6866;1;143.1182;28.5271;795.7277;0.2021;0.0703;1.0000;2;2
0x000000005a4e6866;2;82.1887;-6.8454;812.4766;-0.0250;0.0090;1.0000;1;1
0x000000005a4e6866;3;118.1781;-33.0724;788.2808;0.0374;0.0130;1.0000;0;0
0x000000005a4e8b61;0;92.6283;47.2074;825.1403;-0.5225;0.1905;1.0000;3;3
0x000000005a4e8b61;1;143.1196;28.5498;795.6713;0.1995;0.0693;1.0000;2;2
0x000000005a4e8b61;2;82.1921;-6.8274;812.4269;-0.0289;0.0104;1.0000;1;1
0x000000005a4e8b61;3;118.1774;-33.0465;788.2156;0.0447;0.0155;1.0000;0;0
0x000000005a4ed157;0;92.6420;47.2254;825.0844;-0.5109;0.1862;1.0000;3;3
0x000000005a4ed157;1;143.1226;28.5957;795.5853;0.2034;0.0707;1.0000;2;2
0x000000005a4ed157;2;82.2042;-6.7980;812.3378;-0.0277;0.0100;1.0000;1;1
0x000000005a4ed157;3;118.1822;-32.9960;788.0933;0.0393;0.0136;1.0000;0;0
0x000000005a4ee8a9;0;92.6509;47.2365;825.0756;-0.5215;0.1901;1.0000;3;3
0x000000005a4ee8a9;1;143.1301;28.6071;795.5646;0.2080;0.0723;1.0000;2;2
0x000000005a4ee8a9;2;82.2116;-6.7884;812.3159;-0.0247;0.0089;1.0000;1;1
0x000000005a4ee8a9;3;118.1878;-32.9849;788.0617;0.0404;0.0140;1.0000;0;0
0x000000005a4f2ea0;0;92.6869;47.2528;825.0685;-0.5200;0.1895;1.0000;3;3
0x000000005a4f2ea0;1;143.1761;28.6306;795.5747;0.2044;0.0710;1.0000;2;2
0x000000005a4f2ea0;2;82.2508;-6.7660;812.2973;-0.0225;0.0081;1.0000;1;1
0x000000005a4f2ea0;3;118.2350;-32.9588;788.0513;0.0356;0.0124;1.0000;0;0
0x000000005a4f5d44;0;92.7177;47.2609;825.0789;-0.5143;0.1874;1.0000;3;3
0x000000005a4f5d44;1;143.2230;28.6377;795.6116;0.2060;0.0716;1.0000;2;2
0x000000005a4f5d44;2;82.2915;-6.7615;812.3077;-0.0232;0.0084;1.0000;1;1
0x000000005a4f5d44;3;118.2903;-32.9537;788.0817;0.0483;0.0167;1.0000;0;0
0x000000005a4fa33b;0;92.7487;47.2584;825.1040;-0.5168;0.1884;1.0000;3;3
0x000000005a4fa33b;1;143.2709;28.6351;795.6703;0.2058;0.0715;1.0000;2;2
0x000000005a4fa33b;2;82.3430;-6.7731;812.3655;-0.0308;0.0111;1.0000;1;1
0x000000005a4fa33b;3;118.3601;-32.9692;788.1586;0.0416;0.0144;1.0000;0;0
0x000000005a4fba8d;0;92.7537;47.2569;825.1114;-0.5188;0.1891;1.0000;3;3
0x000000005a4fba8d;1;143.2767;28.6272;795.6736;0.2065;0.0718;1.0000;2;2
0x000000005a4fba8d;2;82.3496;-6.7795;812.3792;-0.0222;0.0080;1.0000;1;1
0x000000005a4fba8d;3;118.3668;-32.9781;788.1832;0.0388;0.0135;1.0000;0;0
0x000000005a500083;0;92.7403;47.2431;825.1495;-0.5141;0.1874;1.0000;3;3
0x000000005a500083;1;143.2494;28.6065;795.6852;0.1999;0.0695;1.0000;2;2
0x000000005a500083;2;82.3315;-6.7973;812.4359;-0.0245;0.0088;1.0000;1;1
0x000000005a500083;3;118.3378;-33.0012;788.2281;0.0401;0.0139;1.0000;0;0
0x000000005a50237f;0;92.7274;47.2372;825.1718;-0.5235;0.1908;1.0000;3;3
0x000000005a50237f;1;143.2265;28.5962;795.7014;0.1992;0.0692;1.0000;2;2
0x000000005a50237f;2;82.3099;-6.8016;812.4675;-0.0282;0.0102;1.0000;1;1
0x000000005a50237f;3;118.3088;-33.0094;788.2440;0.0360;0.0125;1.0000;0;0
0x000000005a506975;0;92.7222;47.2221;825.2430;-0.5202;0.1896;1.0000;3;3
0x000000005a506975;1;143.2148;28.5742;795.7682;0.2038;0.0708;1.0000;2;2
0x000000005a506975;2;82.2893;-6.8117;812.5168;-0.0288;0.0104;1.0000;1;1
0x000000005a506975;3;118.2800;-33.0233;788.2961;0.0398;0.0138;1.0000;0;0
0x000000005a508c70;0;92.7277;47.2085;825.2842;-0.5239;0.1910;1.0000;3;3
0x000000005a508c70;1;143.2294;28.5621;795.8240;0.1961;0.0682;1.0000;2;2
0x000000005a508c70;2;82.3002;-6.8247;812.5575;-0.0257;0.0093;1.0000;1;1
0x000000005a508c70;3;118.2961;-33.0372;788.3474;0.0368;0.0128;1.0000;0;0
0x000000005a50c6be;0;92.7533;47.1683;825.3414;-0.5137;0.1873;1.0000;3;3
0x000000005a50c6be;1;143.2819;28.5193;795.9378;0.1922;0.0668;1.0000;2;2
0x000000005a50c6be;2;82.3445;-6.8702;812.6309;-0.0243;0.0088;1.0000;1;1
0x000000005a50c6be;3;118.3660;-33.0834;788.4614;0.0399;0.0138;1.0000;0;0
0x000000005a50e9b9;0;92.7760;47.1414;825.3641;-0.5191;0.1893;1.0000;3;3
0x000000005a50e9b9;1;143.3263;28.4826;795.9990;0.2021;0.0703;1.0000;2;2
0x000000005a50e9b9;2;82.3750;-6.9006;812.6492;-0.0265;0.0095;1.0000;1;1
0x000000005a50e9b9;3;118.4135;-33.1203;788.5174;0.0369;0.0128;1.0000;0;0
0x000000005a512faf;0;92.8132;47.0917;825.3546;-0.4983;0.1817;1.0000;3;3
0x000000005a512faf;1;143.3997;28.4337;796.0494;0.2055;0.0715;1.0000;2;2
0x000000005a512faf;2;82.4259;-6.9474;812.6262;-0.0238;0.0086;1.0000;1;1
0x000000005a512faf;3;118.4931;-33.1669;788.5287;0.0391;0.0136;1.0000;0;0
0x000000005a5152ab;0;92.8251;47.0834;825.3194;-0.5068;0.1847;1.0000;3;3
0x000000005a5152ab;1;143.4152;28.4341;796.0109;0.2071;0.0720;1.0000;2;2
0x000000005a5152ab;2;82.4437;-6.9559;812.5764;-0.0245;0.0088;1.0000;1;1
0x000000005a5152ab;3;118.5159;-33.1669;788.4748;0.0408;0.0141;1.0000;0;0
0x000000005a5198a1;0;92.8268;47.0934;825.2002;-0.5058;0.1844;1.0000;3;3
0x000000005a5198a1;1;143.4018;28.4794;795.8394;0.1982;0.0689;1.0000;2;2
0x000000005a5198a1;2;82.4506;-6.9400;812.4164;-0.0186;0.0067;1.0000;1;1
0x000000005a5198a1;3;118.5106;-33.1232;788.2762;0.0363;0.0126;1.0000;0;0
0x000000005a51aff3;0;92.8232;47.1001;825.1495;-0.5128;0.1869;1.0000;3;3
0x000000005a51aff3;1;143.3881;28.5013;795.7759;0.2031;0.0706;1.0000;2;2
0x000000005a51aff3;2;82.4425;-6.9251;812.3557;-0.0224;0.0081;1.0000;1;1
0x000000005a51aff3;3;118.4978;-33.0993;788.1993;0.0448;0.0155;1.0000;0;0
0x000000005a51f5ea;0;92.8094;47.1422;825.0441;-0.5093;0.1856;1.0000;3;3
0x000000005a51f5ea;1;143.3496;28.5649;795.6018;0.1992;0.0692;1.0000;2;2
0x000000005a51f5ea;2;82.4138;-6.8708;812.2133;-0.0293;0.0106;1.0000;1;1
0x000000005a51f5ea;3;118.4435;-33.0271;787.9925;0.0407;0.0141;1.0000;0;0
0x000000005a52248e;0;92.8130;47.1771;824.9911;-0.5080;0.1851;1.0000;3;3
0x000000005a52248e;1;143.3429;28.6028;795.5337;0.2018;0.0701;1.0000;2;2
0x000000005a52248e;2;82.4110;-6.8339;812.1510;-0.0263;0.0095;1.0000;1;1
0x000000005a52248e;3;118.4318;-32.9872;787.9133;0.0413;0.0143;1.0000;0;0
0x000000005a525edc;0;92.8407;47.2221;824.9656;-0.5122;0.1867;1.0000;3;3
0x000000005a525edc;1;143.3689;28.6459;795.5051;0.2060;0.0716;1.0000;2;2
0x000000005a525edc;2;82.4389;-6.7891;812.1225;-0.0245;0.0088;1.0000;1;1
0x000000005a525edc;3;118.4586;-32.9440;787.8904;0.0375;0.0130;1.0000;0;0
0x000000005a5281d7;0;92.8646;47.2472;824.9597;-0.5152;0.1877;1.0000;3;3
0x000000005a5281d7;1;143.3971;28.6699;795.5127;0.2085;0.0725;1.0000;2;2
0x000000005a5281d7;2;82.4690;-6.7669;812.1221;-0.0220;0.0079;1.0000;1;1
0x000000005a5281d7;3;118.4961;-32.9233;787.9048;0.0371;0.0128;1.0000;0;0
0x000000005a52c7cd;0;92.9158;47.2922;824.9741;-0.5001;0.1822;1.0000;3;3
0x000000005a52c7cd;1;143.4673;28.7159;795.5504;0.2139;0.0743;1.0000;2;2
0x000000005a52c7cd;2;82.5363;-6.7253;812.1543;-0.0163;0.0059;1.0000;1;1
0x000000005a52c7cd;3;118.5818;-32.8820;787.9557;0.0478;0.0166;1.0000;0;0
0x000000005a52eac8;0;92.9451;47.3186;824.9975;-0.5118;0.1865;1.0000;3;3
0x000000005a52eac8;1;143.5013;28.7381;795.5773;0.2050;0.0712;1.0000;2;2
0x000000005a52eac8;2;82.5653;-6.7017;812.1636;-0.0212;0.0077;1.0000;1;1
0x000000005a52eac8;3;118.6153;-32.8590;787.9776;0.0402;0.0139;1.0000;0;0
0x000000005a5330bf;0;92.9993;47.3665;825.0359;-0.4998;0.1821;1.0000;3;3
0x000000005a5330bf;1;143.5640;28.7901;795.6396;0.2115;0.0735;1.0000;2;2
0x000000005a5330bf;2;82.6224;-6.6509;812.2054;-0.0195;0.0070;1.0000;1;1
0x000000005a5330bf;3;118.6777;-32.8055;788.0160;0.0381;0.0132;1.0000;0;0
0x000000005a534811;0;93.0176;47.3800;825.0516;-0.5041;0.1837;1.0000;3;3
0x000000005a534811;1;143.5877;28.8096;795.6620;0.2106;0.0732;1.0000;2;2
0x000000005a534811;2;82.6450;-6.6353;812.2185;-0.0160;0.0058;1.0000;1;1
0x000000005a534811;3;118.7046;-32.7864;788.0359;0.0380;0.0132;1.0000;0;0
0x000000005a538e08;0;93.0820;47.4283;825.0948;-0.5079;0.1851;1.0000;3;3
0x000000005a538e08;1;143.6674;28.8668;795.7302;0.2077;0.0722;1.0000;2;2
0x000000005a538e08;2;82.7285;-6.5962;812.2619;-0.0217;0.0078;1.0000;1;1
0x000000005a538e08;3;118.8031;-32.7399;788.1036;0.0410;0.0142;1.0000;0;0
0x000000005a53b103;0;93.1085;47.4444;825.1086;-0.5118;0.1865;1.0000;3;3
0x000000005a53b103;1;143.7033;28.8893;795.7640;0.2036;0.0708;1.0000;2;2
0x000000005a53b103;2;82.7702;-6.5838;812.2934;-0.0190;0.0068;1.0000;1;1
0x000000005a53b103;3;118.8564;-32.7245;788.1434;0.0456;0.0158;1.0000;0;0
0x000000005a53eb50;0;93.1440;47.4649;825.1403;-0.5148;0.1876;1.0000;3;3
0x000000005a53eb50;1;143.7488;28.9130;795.8069;0.2031;0.0706;1.0000;2;2
0x000000005a53eb50;2;82.8228;-6.5721;812.3431;-0.0231;0.0083;1.0000;1;1
0x000000005a53eb50;3;118.9208;-32.7121;788.2104;0.0467;0.0162;1.0000;0;0
0x000000005a5402a2;0;93.1524;47.4690;825.1491;-0.5120;0.1866;1.0000;3;3
0x000000005a5402a2;1;143.7616;28.9166;795.8247;0.2036;0.0708;1.0000;2;2
0x000000005a5402a2;2;82.8346;-6.5682;812.3594;-0.0223;0.0080;1.0000;1;1
0x000000005a5402a2;3;118.9370;-32.7105;788.2319;0.0433;0.0150;1.0000;0;0
0x000000005a544899;0;93.1706;47.4853;825.1737;-0.5045;0.1839;1.0000;3;3
0x000000005a544899;1;143.7880;28.9248;795.8626;0.2054;0.0714;1.0000;2;2
0x000000005a544899;2;82.8532;-6.5521;812.3883;-0.0212;0.0077;1.0000;1;1
0x000000005a544899;3;118.9581;-32.6995;788.2718;0.0455;0.0158;1.0000;0;0
0x000000005a546b94;0;93.1809;47.4979;825.1857;-0.5073;0.1849;1.0000;3;3
0x000000005a546b94;1;143.7968;28.9320;795.8725;0.2083;0.0724;1.0000;2;2
0x000000005a546b94;2;82.8592;-6.5419;812.3902;-0.0260;0.0094;1.0000;1;1
0x000000005a546b94;3;118.9658;-32.6916;788.2737;0.0388;0.0134;1.0000;0;0
0x000000005a54b18b;0;93.1933;47.5098;825.1838;-0.5133;0.1871;1.0000;3;3
0x000000005a54b18b;1;143.8156;28.9528;795.8818;0.2079;0.0723;1.0000;2;2
0x000000005a54b18b;2;82.8743;-6.5238;812.3826;-0.0213;0.0077;1.0000;1;1
0x000000005a54b18b;3;118.9848;-32.6679;788.2639;0.0404;0.0140;1.0000;0;0
0x000000005a54c8dd;0;93.1945;47.5102;825.1879;-0.5037;0.1836;1.0000;3;3
0x000000005a54c8dd;1;143.8206;28.9573;795.8881;0.2076;0.0721;1.0000;2;2
0x000000005a54c8dd;2;82.8788;-6.5205;812.3753;-0.0198;0.0071;1.0000;1;1
0x000000005a54c8dd;3;118.9924;-32.6616;788.2545;0.0364;0.0126;1.0000;0;0
0x000000005a550ed3;0;93.1936;47.5020;825.1853;-0.5114;0.1864;1.0000;3;3
0x000000005a550ed3;1;143.8173;28.9562;795.8769;0.2025;0.0704;1.0000;2;2
0x000000005a550ed3;2;82.8853;-6.5342;812.3687;-0.0226;0.0081;1.0000;1;1
0x000000005a550ed3;3;118.9983;-32.6655;788.2428;0.0474;0.0164;1.0000;0;0
0x000000005a5531ce;0;93.1854;47.4865;825.1935;-0.5069;0.1848;1.0000;3;3
0x000000005a5531ce;1;143.8051;28.9428;795.8739;0.2021;0.0702;1.0000;2;2
0x000000005a5531ce;2;82.8724;-6.5477;812.3748;-0.0226;0.0082;1.0000;1;1
0x000000005a5531ce;3;118.9841;-32.6812;788.2454;0.0392;0.0136;1.0000;0;0
0x000000005a5577c5;0;93.1627;47.4447;825.2172;-0.5044;0.1838;1.0000;3;3
0x000000005a5577c5;1;143.7708;28.8860;795.8873;0.2104;0.0731;1.0000;2;2
0x000000005a5577c5;2;82.8337;-6.5872;812.4111;-0.0216;0.0078;1.0000;1;1
0x000000005a5577c5;3;118.9313;-32.7302;788.2803;0.0423;0.0147;1.0000;0;0
0x000000005a558f17;0;93.1589;47.4328;825.2289;-0.5062;0.1845;1.0000;3;3
0x000000005a558f17;1;143.7589;28.8645;795.8972;0.2026;0.0704;1.0000;2;2
0x000000005a558f17;2;82.8226;-6.6014;812.4305;-0.0216;0.0078;1.0000;1;1
0x000000005a558f17;3;118.9153;-32.7523;788.2999;0.0392;0.0136;1.0000;0;0
0x000000005a55d50e;0;93.1400;47.3841;825.2644;-0.5048;0.1840;1.0000;3;3
0x000000005a55d50e;1;143.7335;28.7977;795.9338;0.2107;0.0732;1.0000;2;2
0x000000005a55d50e;2;82.8001;-6.6548;812.5005;-0.0202;0.0073;1.0000;1;1
0x000000005a55d50e;3;118.8854;-32.8219;788.3766;0.0414;0.0143;1.0000;0;0
0x000000005a55f809;0;93.1323;47.3596;825.2895;-0.5057;0.1844;1.0000;3;3
0x000000005a55f809;1;143.7259;28.7665;795.9545;0.2046;0.0711;1.0000;2;2
0x000000005a55f809;2;82.7945;-6.6813;812.5414;-0.0176;0.0063;1.0000;1;1
0x000000005a55f809;3;118.8773;-32.8554;788.4162;0.0431;0.0149;1.0000;0;0
0x000000005a563dff;0;93.1189;47.3330;825.3261;-0.5170;0.1885;1.0000;3;3
0x000000005a563dff;1;143.7046;28.7232;795.9835;0.1999;0.0695;1.0000;2;2
0x000000005a563dff;2;82.7812;-6.7211;812.6115;-0.0174;0.0063;1.0000;1;1
0x000000005a563dff;3;118.8593;-32.9065;788.4949;0.0484;0.0168;1.0000;0;0
0x000000005a565551;0;93.1120;47.3231;825.3322;-0.5124;0.1868;1.0000;3;3
0x000000005a565551;1;143.6940;28.7147;795.9847;0.2036;0.0708;1.0000;2;2
0x000000005a565551;2;82.7756;-6.7295;812.6312;-0.0232;0.0084;1.0000;1;1
0x000000005a565551;3;118.8515;-32.9171;788.5102;0.0484;0.0168;1.0000;0;0
0x000000005a569b48;0;93.0988;47.3219;825.3521;-0.5217;0.1902;1.0000;3;3
0x000000005a569b48;1;143.6701;28.7069;795.9908;0.2069;0.0719;1.0000;2;2
0x000000005a569b48;2;82.7542;-6.7347;812.6528;-0.0201;0.0072;1.0000;1;1
0x000000005a569b48;3;118.8220;-32.9260;788.5225;0.0501;0.0174;1.0000;0;0
0x000000005a56be43;0;93.0962;47.3228;825.3498;-0.5216;0.1901;1.0000;3;3
0x000000005a56be43;1;143.6652;28.7138;795.9836;0.2016;0.0701;1.0000;2;2
0x000000005a56be43;2;82.7489;-6.7293;812.6525;-0.0258;0.0093;1.0000;1;1
0x000000005a56be43;3;118.8145;-32.9176;788.5168;0.0504;0.0175;1.0000;0;0
0x000000005a57043a;0;93.1054;47.3326;825.3691;-0.5087;0.1854;1.0000;3;3
0x000000005a57043a;1;143.6810;28.7428;796.0008;0.2080;0.0723;1.0000;2;2
0x000000005a57043a;2;82.7640;-6.7107;812.6331;-0.0184;0.0066;1.0000;1;1
0x000000005a57043a;3;118.8353;-32.8840;788.4879;0.0456;0.0158;1.0000;0;0
0x000000005a574a30;0;93.1249;47.3470;825.3846;-0.5135;0.1872;1.0000;3;3
0x000000005a574a30;1;143.7182;28.7788;796.0352;0.2090;0.0727;1.0000;2;2
0x000000005a574a30;2;82.7978;-6.6916;812.6141;-0.0208;0.0075;1.0000;1;1
0x000000005a574a30;3;118.8842;-32.8464;788.4723;0.0440;0.0152;1.0000;0;0
0x000000005a579027;0;93.1371;47.3527;825.3999;-0.5190;0.1892;1.0000;3;3
0x000000005a579027;1;143.7360;28.7912;796.0633;0.2059;0.0716;1.0000;2;2
0x000000005a579027;2;82.8208;-6.6906;812.6335;-0.0160;0.0058;1.0000;1;1
0x000000005a579027;3;118.9126;-32.8390;788.4970;0.0433;0.0150;1.0000;0;0
0x000000005a57becb;0;93.1341;47.3454;825.4196;-0.5174;0.1886;1.0000;3;3
0x000000005a57becb;1;143.7288;28.7786;796.0787;0.2107;0.0733;1.0000;2;2
0x000000005a57becb;2;82.8171;-6.7007;812.6683;-0.0153;0.0055;1.0000;1;1
0x000000005a57becb;3;118.9056;-32.8551;788.5359;0.0433;0.0150;1.0000;0;0
0x000000005a5804c1;0;93.1232;47.3260;825.4687;-0.5135;0.1872;1.0000;3;3
0x000000005a5804c1;1;143.7109;28.7393;796.1196;0.2081;0.0724;1.0000;2;2
0x000000005a5804c1;2;82.7951;-6.7229;812.7328;-0.0199;0.0072;1.0000;1;1
0x000000005a5804c1;3;118.8761;-32.8913;788.5972;0.0485;0.0168;1.0000;0;0
0x000000005a581c14;0;93.1244;47.3227;825.4844;-0.5213;0.1901;1.0000;3;3
0x000000005a581c14;1;143.7079;28.7285;796.1359;0.2087;0.0726;1.0000;2;2
0x000000005a581c14;2;82.7883;-6.7282;812.7522;-0.0207;0.0075;1.0000;1;1
0x000000005a581c14;3;118.8673;-32.9021;788.6235;0.0447;0.0155;1.0000;0;0
0x000000005a58620a;0;93.1257;47.3076;825.5409;-0.5217;0.1902;1.0000;3;3
0x000000005a58620a;1;143.7157;28.7067;796.2088;0.2068;0.0719;1.0000;2;2
0x000000005a58620a;2;82.7902;-6.7423;812.8229;-0.0209;0.0075;1.0000;1;1
0x000000005a58620a;3;118.8715;-32.9231;788.6975;0.0472;0.0164;1.0000;0;0
0x000000005a588505;0;93.1301;47.2962;825.5701;-0.5156;0.1880;1.0000;3;3
0x000000005a588505;1;143.7259;28.6969;796.2524;0.2062;0.0717;1.0000;2;2
0x000000005a588505;2;82.8001;-6.7516;812.8519;-0.0221;0.0080;1.0000;1;1
0x000000005a588505;3;118.8864;-32.9326;788.7401;0.0471;0.0163;1.0000;0;0
0x000000005a58cafc;0;93.1332;47.2799;825.6158;-0.5079;0.1852;1.0000;3;3
0x000000005a58cafc;1;143.7426;28.6726;796.3260;0.2073;0.0721;1.0000;2;2
0x000000005a58cafc;2;82.8068;-6.7712;812.9166;-0.0186;0.0067;1.0000;1;1
0x000000005a58cafc;3;118.9064;-32.9596;788.8233;0.0463;0.0161;1.0000;0;0
0x000000005a58e24e;0;93.1326;47.2773;825.6277;-0.5126;0.1869;1.0000;3;3
0x000000005a58e24e;1;143.7398;28.6649;796.3369;0.2033;0.0707;1.0000;2;2
0x000000005a58e24e;2;82.8051;-6.7781;812.9294;-0.0202;0.0073;1.0000;1;1
0x000000005a58e24e;3;118.9029;-32.9690;788.8472;0.0478;0.0166;1.0000;0;0
0x000000005a592844;0;93.1074;47.2715;825.6477;-0.5128;0.1870;1.0000;3;3
0x000000005a592844;1;143.7070;28.6454;796.3420;0.2032;0.0707;1.0000;2;2
0x000000005a592844;2;82.7753;-6.7892;812.9702;-0.0212;0.0076;1.0000;1;1
0x000000005a592844;3;118.8645;-32.9904;788.8812;0.0480;0.0167;1.0000;0;0
0x000000005a593f97;0;93.1029;47.2727;825.6426;-0.5233;0.1908;1.0000;3;3
0x000000005a593f97;1;143.6954;28.6415;796.3350;0.2032;0.0707;1.0000;2;2
0x000000005a593f97;2;82.7626;-6.7868;812.9655;-0.0213;0.0077;1.0000;1;1
0x000000005a593f97;3;118.8460;-32.9925;788.8741;0.0452;0.0157;1.0000;0;0
0x000000005a59858d;0;93.0830;47.2786;825.6284;-0.5178;0.1888;1.0000;3;3
0x000000005a59858d;1;143.6691;28.6482;796.3049;0.1998;0.0695;1.0000;2;2
0x000000005a59858d;2;82.7299;-6.7738;812.9358;-0.0181;0.0065;1.0000;1;1
0x000000005a59858d;3;118.8036;-32.9786;788.8245;0.0474;0.0164;1.0000;0;0
0x000000005a59a888;0;93.0812;47.2911;825.6117;-0.5194;0.1894;1.0000;3;3
0x000000005a59a888;1;143.6631;28.6666;796.2811;0.2018;0.0702;1.0000;2;2
0x000000005a59a888;2;82.7265;-6.7581;812.9103;-0.0203;0.0073;1.0000;1;1
0x000000005a59a888;3;118.7978;-32.9556;788.7870;0.0452;0.0157;1.0000;0;0
