frame_idx,detection_idx,centerX_pixels,centerY_pixels,pixelsCount,width,height,status_bits
0,0,425.644348,268.418335,168,15,15,0
0,1,484.381592,310.576477,168,15,15,0
0,2,370.309296,323.149261,166,15,15,0
0,3,436.970947,363.411224,154,14,13,0
0,4,825.467773,465.081238,330,21,20,0
0,5,1017.641235,483.734894,351,21,22,0
0,6,708.175293,525.653809,339,21,21,0
0,7,1236.418823,523.982422,123,9,17,0
0,8,1137.118530,543.339294,341,20,22,0
0,9,1169.468750,566.200317,318,19,21,0
0,10,795.038330,577.851379,322,20,20,0
0,11,1249.724731,618.847656,119,9,16,0
0,12,640.089600,872.909241,21,5,6,0
0,13,468.875854,908.643494,94,14,14,0
0,14,495.500000,932.409119,11,5,5,0
1,0,425.638428,268.426331,170,15,15,0
1,1,484.389679,310.568848,169,15,15,0
1,2,370.303040,323.148987,169,15,15,0
1,3,436.967590,363.406311,155,14,13,0
1,4,825.462524,465.086456,330,21,20,0
1,5,708.164917,525.645264,341,21,21,0
1,6,963.965576,529.368469,371,22,22,0
1,7,1144.363403,535.693909,333,20,21,0
1,8,1101.328491,537.940735,361,21,22,0
1,9,795.034119,577.844910,322,20,20,0
1,10,1249.719727,618.831909,121,9,17,0
1,11,639.144653,874.806580,19,5,5,0
1,12,468.772736,911.259583,73,12,12,0
2,0,425.659271,268.420319,171,15,15,0
2,1,484.392487,310.568329,168,15,15,0
2,2,370.324188,323.151062,170,15,15,0
2,3,436.990784,363.402985,155,14,13,0
2,4,825.484985,465.082764,330,21,20,0
2,5,998.143921,482.055511,360,21,22,0
2,6,1126.783691,524.151428,350,21,22,0
2,7,708.187012,525.646973,341,21,21,0
2,8,1164.468872,541.854431,325,19,21,0
2,9,795.053650,577.842773,322,20,20,0
2,10,1249.732544,618.834778,120,9,17,0
2,11,639.744690,870.496094,17,4,5,0
2,12,469.963104,907.620361,77,12,12,0
3,0,425.652710,268.420227,169,15,15,0
3,1,484.401459,310.547974,168,15,15,0
3,2,370.327728,323.136749,171,15,15,0
3,3,436.977692,363.406464,155,14,13,0
3,4,825.475098,465.081818,329,21,20,0
3,5,1014.903748,505.314087,346,20,22,0
3,6,708.170288,525.641479,341,21,21,0
3,7,1236.430786,523.975830,122,9,17,0
3,8,1131.703491,567.127747,337,20,22,0
3,9,795.047668,577.846191,321,20,20,0
3,10,1162.018677,589.891541,313,20,21,0
3,11,1249.727295,618.839966,120,9,17,0
3,12,638.371033,874.908447,26,5,6,0
3,13,465.570557,911.614868,94,13,13,0
4,0,425.637421,268.418579,170,15,15,0
4,1,484.375122,310.561798,167,15,15,0
4,2,370.309418,323.143433,169,15,15,0
4,3,436.961914,363.407654,155,14,13,0
4,4,825.464661,465.084290,329,21,20,0
4,5,1139.192261,495.745300,329,20,21,0
4,6,1097.553711,503.523346,351,21,21,0
4,7,960.643860,508.895660,364,21,22,0
4,8,708.172363,525.646851,339,21,21,0
4,9,1236.406860,523.977661,122,9,17,0
4,10,795.036560,577.846619,323,20,20,0
4,11,1249.718628,618.836365,120,9,17,0
4,12,640.404541,874.060181,33,7,6,0
4,13,465.704193,908.141907,121,16,15,0
4,14,497.651154,937.174438,13,7,7,0
5,0,425.633850,268.417694,170,15,15,0
5,1,484.370270,310.568573,169,15,15,0
5,2,370.293610,323.149658,170,15,15,0
5,3,436.952454,363.403839,155,14,13,0
5,4,825.457336,465.085815,330,21,20,0
5,5,1014.172791,498.283295,338,20,22,0
5,6,708.159424,525.641907,343,21,21,0
5,7,1236.403442,523.984924,123,9,17,0
5,8,1131.817749,548.230835,322,19,22,0
5,9,1160.141113,566.504761,299,18,21,0
5,10,795.023926,577.851074,321,20,20,0
5,11,1249.707153,618.849915,121,9,17,0
5,12,638.940125,877.255066,28,6,6,0
5,13,463.312378,912.400757,100,14,13,0
6,0,425.627838,268.417816,170,15,15,0
6,1,484.367981,310.557037,170,15,15,0
6,2,370.287628,323.137482,172,15,15,0
6,3,436.957275,363.401611,155,14,13,0
6,4,825.451904,465.082123,329,21,20,0
6,5,987.688538,509.216492,347,20,22,0
6,6,708.158691,525.641296,343,21,21,0
6,7,1115.486572,534.835205,334,19,22,0
6,8,1149.263916,541.456360,311,19,21,0
6,9,795.025879,577.844055,324,20,20,0
6,10,1249.709717,618.845520,120,9,16,0
6,11,638.753723,879.838318,26,6,6,0
6,12,462.381317,914.272705,65,12,10,0
7,0,425.638702,268.399628,170,15,15,0
7,1,484.368134,310.549805,169,15,15,0
7,2,370.295074,323.121552,169,15,15,0
7,3,436.961060,363.393768,155,14,13,0
7,4,825.449951,465.073608,329,21,20,0
7,5,978.857971,520.240601,356,20,22,0
7,6,708.159180,525.629456,340,21,21,0
7,7,1111.100098,541.617920,343,20,21,0
7,8,1149.434204,545.600647,319,19,21,0
7,9,795.031555,577.832336,323,21,20,0
7,10,1249.705078,618.826965,121,9,17,0
8,0,425.668457,268.416107,168,15,15,0
8,1,484.410614,310.555115,169,15,15,0
8,2,370.341370,323.133606,171,15,15,0
8,3,437.002716,363.385010,155,14,13,0
8,4,825.490051,465.076050,330,21,20,0
8,5,1006.031860,495.812225,350,20,22,0
8,6,708.205017,525.638672,341,21,21,0
8,7,1131.565674,529.610291,327,19,21,0
8,8,1164.362549,540.755737,307,19,21,0
8,9,795.071594,577.836487,322,21,20,0
8,10,1249.743774,618.842346,119,9,16,0
9,0,425.631897,268.424500,170,15,15,0
9,1,484.364777,310.574829,167,15,15,0
9,2,370.297882,323.146515,169,15,15,0
9,3,436.965912,363.407013,155,14,13,0
9,4,825.448242,465.084778,329,21,20,0
9,5,1145.887573,520.959534,308,19,20,0
9,6,708.157166,525.644409,338,21,21,0
9,7,1236.406616,523.966858,121,9,17,0
9,8,1107.524658,530.458130,330,19,21,0
9,9,973.621277,535.276367,354,21,22,0
9,10,795.024841,577.845276,321,20,20,0
9,11,1249.703857,618.844238,120,9,16,0
10,0,425.617310,268.430450,170,15,15,0
10,1,484.361450,310.564575,166,15,15,0
10,2,370.285736,323.147461,170,15,15,0
10,3,436.947815,363.404907,155,14,13,0
10,4,825.452454,465.080750,329,21,20,0
10,5,1150.738037,504.946899,315,19,21,0
10,6,1114.204346,511.511200,336,20,21,0
10,7,981.309326,516.742615,355,21,22,0
10,8,708.155273,525.647156,340,21,21,0
10,9,795.023376,577.845947,323,20,20,0
10,10,1249.701904,618.834473,121,9,17,0
11,0,425.620544,268.430786,170,15,15,0
11,1,484.359009,310.581635,166,14,15,0
11,2,370.287872,323.156433,169,15,15,0
11,3,436.950134,363.427490,156,14,13,0
11,4,825.452515,465.091400,330,21,20,0
11,5,1152.392212,488.150818,313,19,21,0
11,6,1115.254639,498.260529,341,20,22,0
11,7,981.827087,509.163452,354,20,22,0
11,8,708.162903,525.653748,340,21,21,0
11,9,1236.399658,523.976501,122,9,17,0
11,10,795.020996,577.855530,322,20,20,0
11,11,1249.700317,618.862061,120,9,16,0
12,0,425.640656,268.420471,170,15,15,0
12,1,484.389160,310.569977,169,15,15,0
12,2,370.299927,323.150574,169,15,15,0
12,3,436.962341,363.410431,155,14,13,0
12,4,825.468628,465.080597,329,21,20,0
12,5,1169.646240,502.598022,306,19,21,0
12,6,1134.434570,509.788177,326,19,22,0
12,7,1003.570862,511.992676,344,20,22,0
12,8,708.174194,525.645935,339,21,21,0
12,9,1236.411499,523.974182,123,9,17,0
12,10,795.035339,577.842651,321,20,20,0
12,11,1249.719238,618.835999,120,9,17,0
13,0,425.641815,268.421173,169,15,15,0
13,1,484.382690,310.572998,167,15,15,0
13,2,370.313171,323.147797,170,15,15,0
13,3,436.971191,363.407227,155,14,13,0
13,4,825.464905,465.083923,329,21,20,0
13,5,708.169312,525.650269,339,21,21,0
13,6,1236.423340,523.983643,123,9,17,0
13,7,1026.859253,534.060913,335,20,22,0
13,8,1149.965576,565.007446,312,20,20,0
13,9,1182.002319,565.632446,281,19,19,0
13,10,795.037781,577.844116,323,20,20,0
13,11,1249.723022,618.840027,119,9,16,0
14,0,425.655670,268.424072,169,15,15,0
14,1,484.390137,310.563538,170,15,15,0
14,2,370.316284,323.137207,170,15,15,0
14,3,436.995331,363.405090,155,14,13,0
14,4,825.475647,465.083313,329,21,20,0
14,5,708.180359,525.645142,341,21,21,0
14,6,1236.426758,523.993286,122,9,17,0
14,7,1037.725952,539.373108,343,20,22,0
14,8,795.049927,577.850708,323,20,20,0
14,9,1149.808472,599.573242,322,20,21,0
14,10,1176.930054,615.184082,293,18,20,0
14,11,1249.726318,618.851624,121,9,17,0
15,0,425.639923,268.411499,170,15,15,0
15,1,484.372101,310.558289,169,15,15,0
15,2,370.299469,323.137207,169,15,15,0
15,3,436.960083,363.400452,155,14,13,0
15,4,825.458313,465.077484,330,21,20,0
15,5,708.166687,525.645203,340,21,21,0
15,6,1014.227966,553.165710,339,20,22,0
15,7,795.033875,577.846008,324,21,20,0
15,8,1134.132080,594.836548,322,20,21,0
15,9,1165.300659,602.399658,294,19,20,0
15,10,1249.716675,618.853088,120,9,17,0
16,0,425.652130,268.425568,169,15,15,0
16,1,484.391663,310.573395,167,15,15,0
16,2,370.323425,323.139862,171,15,15,0
16,3,436.975830,363.397034,155,14,13,0
16,4,825.475220,465.092957,330,21,20,0
16,5,990.014771,514.403809,356,21,22,0
16,6,708.180481,525.653076,338,21,21,0
16,7,1236.426392,523.983154,122,9,17,0
16,8,1121.109497,541.413635,345,20,22,0
16,9,1158.211548,548.907043,319,19,21,0
16,10,795.051453,577.853760,322,20,20,0
16,11,1249.729858,618.859375,120,9,17,0
17,0,425.632355,268.418457,168,15,15,0
17,1,484.373901,310.558411,167,15,15,0
17,2,370.310150,323.134888,167,15,15,0
17,3,436.963196,363.408386,155,14,13,0
17,4,825.461670,465.085724,330,21,20,0
17,5,980.856873,506.688446,376,22,22,0
17,6,708.162354,525.648254,340,21,21,0
17,7,1116.875977,535.038513,375,22,22,0
17,8,1160.503906,545.405823,346,21,21,0
17,9,795.033264,577.847534,323,20,20,0
17,10,1249.714355,618.845581,120,9,17,0
18,0,425.660370,268.412262,170,15,15,0
18,1,484.391785,310.573517,170,15,15,0
18,2,370.316254,323.151428,172,15,15,0
18,3,436.975983,363.405945,155,14,13,0
18,4,825.474854,465.084595,330,21,20,0
18,5,708.178101,525.649292,340,21,21,0
18,6,948.149902,555.044495,373,22,22,0
18,7,1131.091431,556.298584,334,20,21,0
18,8,1087.593750,562.637329,354,21,21,0
18,9,795.050110,577.847229,322,20,20,0
18,10,1249.731567,618.849609,120,9,17,0
19,0,425.641968,268.430450,171,15,15,0
19,1,484.380096,310.575348,170,15,15,0
19,2,370.305481,323.157684,170,15,15,0
19,3,436.962891,363.416138,155,14,13,0
19,4,825.460632,465.094330,329,21,20,0
19,5,708.163574,525.652405,340,21,21,0
19,6,1236.408569,523.982605,124,9,17,0
19,7,939.078430,539.155579,360,21,22,0
19,8,1072.090454,564.250244,340,20,22,0
19,9,1110.223877,564.789490,321,20,21,0
19,10,795.026855,577.853821,322,20,20,0
19,11,1249.713745,618.850098,121,9,17,0
20,0,425.649597,268.421295,168,15,15,0
20,1,484.387451,310.571228,169,15,15,0
20,2,370.318207,323.149170,170,15,15,0
20,3,436.980194,363.406219,155,14,13,0
20,4,825.472412,465.083832,330,21,20,0
20,5,1007.478760,466.940063,291,19,20,0
20,6,708.180908,525.646545,341,21,21,0
20,7,1122.210571,544.041077,285,18,20,0
20,8,795.042480,577.846680,323,20,20,0
20,9,1148.235840,589.582092,269,18,20,0
20,10,1249.724976,618.844666,121,9,17,0
21,0,425.639160,268.426758,169,15,15,0
21,1,484.370514,310.567230,167,15,15,0
21,2,370.294189,323.144379,170,15,15,0
21,3,436.961060,363.413300,155,14,13,0
21,4,825.465454,465.085175,330,21,20,0
21,5,708.167236,525.648071,339,21,21,0
21,6,959.969849,526.526611,376,22,22,0
21,7,1149.100342,538.022949,342,21,21,0
21,8,1099.780762,541.038452,371,22,22,0
21,9,795.034424,577.850586,321,20,20,0
21,10,1249.713989,618.851257,120,9,17,0
22,0,425.658875,268.413666,171,15,15,0
22,1,484.400513,310.558350,170,15,15,0
22,2,370.335999,323.136078,168,15,15,0
22,3,436.989990,363.396881,155,14,13,0
22,4,825.481873,465.080841,329,21,20,0
22,5,989.164856,495.839783,329,21,20,0
22,6,708.188843,525.642700,342,21,21,0
22,7,1236.434692,523.974731,123,9,17,0
22,8,1117.379639,551.576416,337,21,21,0
22,9,795.051575,577.844727,322,20,20,0
22,10,1156.434570,588.770935,317,20,20,0
22,11,1249.738281,618.832581,120,9,17,0
23,0,425.642334,268.425476,169,15,15,0
23,1,484.377258,310.565887,168,15,15,0
23,2,370.309723,323.141785,169,15,15,0
23,3,436.966339,363.401276,156,14,13,0
23,4,825.457764,465.085449,329,21,20,0
23,5,708.167542,525.649780,340,21,21,0
23,6,981.243408,534.777649,388,22,22,0
23,7,1118.032715,566.321594,381,22,22,0
23,8,795.034119,577.850281,322,20,20,0
23,9,1164.633423,578.352234,358,21,21,0
23,10,1249.710327,618.839844,120,9,17,0
24,0,425.642151,268.436615,169,15,15,0
24,1,484.382935,310.576508,167,15,15,0
24,2,370.319458,323.158081,170,15,15,0
24,3,436.964630,363.414429,155,14,13,0
24,4,825.463684,465.091095,330,21,20,0
24,5,1008.197693,509.916534,368,21,22,0
24,6,708.169739,525.652649,335,21,21,0
24,7,1236.421021,523.986511,122,9,17,0
24,8,1136.118042,564.412903,366,22,22,0
24,9,795.039917,577.855103,322,20,20,0
24,10,1177.462891,588.872620,353,21,22,0
24,11,1249.723755,618.840820,119,9,16,0
25,0,425.639099,268.431152,170,15,15,0
25,1,484.367188,310.571869,170,15,15,0
25,2,370.308258,323.144714,172,15,15,0
25,3,436.979370,363.410492,155,14,13,0
25,4,825.464172,465.084625,330,21,20,0
25,5,992.519348,508.381836,384,22,23,0
25,6,708.172974,525.650940,341,21,21,0
25,7,1126.648682,547.289978,377,22,22,0
25,8,1171.095825,562.032471,356,21,22,0
25,9,795.035645,577.852722,324,20,20,0
25,10,1249.713867,618.841614,119,9,16,0
26,0,425.640381,268.416138,170,15,15,0
26,1,484.379395,310.556488,170,15,15,0
26,2,370.297943,323.140350,171,15,15,0
26,3,436.974060,363.401886,155,14,13,0
26,4,825.462341,465.081635,330,21,20,0
26,5,708.173218,525.634583,342,21,21,0
26,6,965.976624,546.060608,382,22,22,0
26,7,1157.881958,551.276489,349,21,21,0
26,8,1106.430664,556.261902,374,22,22,0
26,9,795.035889,577.840149,323,20,20,0
26,10,1249.720825,618.834717,121,9,17,0
27,0,425.649323,268.415375,169,15,15,0
27,1,484.379974,310.554565,167,15,15,0
27,2,370.317505,323.134338,169,15,15,0
27,3,436.972809,363.397797,155,14,13,0
27,4,825.474182,465.074860,329,21,20,0
27,5,960.124817,516.894958,387,22,22,0
27,6,708.177490,525.639893,340,21,21,0
27,7,1236.420044,523.971313,124,9,17,0
27,8,1096.446899,536.653687,412,23,23,0
27,9,1151.922363,547.111023,386,22,22,0
27,10,795.048523,577.839294,321,20,20,0
27,11,1249.729370,618.828247,121,9,17,0
28,0,425.637329,268.429749,169,15,15,0
28,1,484.384186,310.570557,170,15,15,0
28,2,370.303711,323.151489,170,15,15,0
28,3,436.980133,363.414642,155,14,13,0
28,4,825.463562,465.094818,330,21,20,0
28,5,1142.310303,500.087738,361,21,22,0
28,6,1092.566895,516.237549,377,22,22,0
28,7,708.169495,525.656433,341,21,21,0
28,8,953.580200,539.060547,384,22,22,0
28,9,795.034668,577.858826,322,20,20,0
28,10,1249.711060,618.846680,121,9,16,0
29,0,425.640228,268.424927,169,15,15,0
29,1,484.374878,310.580688,168,15,15,0
29,2,370.302246,323.146515,173,15,15,0
29,3,436.943237,363.401978,155,14,13,0
29,4,825.457275,465.089783,329,21,20,0
29,5,708.160950,525.650513,340,21,21,0
29,6,981.670349,531.643555,383,22,22,0
29,7,1120.200806,559.929016,380,22,22,0
29,8,1172.049194,562.958618,363,22,22,0
29,9,795.039612,577.849182,321,20,20,0
29,10,1249.711670,618.856873,120,9,16,0
29,11,634.779419,875.007324,10,4,4,0
30,0,425.638367,268.421570,170,15,15,0
30,1,484.386230,310.564392,169,15,15,0
30,2,370.307648,323.141663,168,15,15,0
30,3,436.970886,363.406982,155,14,13,0
30,4,825.466614,465.082336,329,21,20,0
30,5,979.274536,521.265564,390,22,22,0
30,6,708.170105,525.651062,340,21,21,0
30,7,1236.417236,523.979187,124,9,17,0
30,8,795.038452,577.846741,322,20,20,0
30,9,1109.793823,579.110962,388,22,22,0
30,10,1154.596558,606.106689,370,21,22,0
30,11,1249.722656,618.849609,121,9,17,0
31,0,425.641602,268.425568,169,15,15,0
31,1,484.392670,310.571777,171,15,15,0
31,2,370.307678,323.144592,170,15,15,0
31,3,436.968018,363.404358,155,14,13,0
31,4,825.459900,465.091644,330,21,20,0
31,5,1013.039490,525.278442,376,22,22,0
31,6,708.170349,525.653564,340,21,21,0
31,7,795.040710,577.852783,322,20,20,0
31,8,1139.081787,584.698730,373,22,22,0
31,9,1179.739136,607.527100,352,21,21,0
31,10,1249.721191,618.844055,120,9,17,0
32,0,425.639343,268.420532,169,15,15,0
32,1,484.377411,310.572205,165,14,15,0
32,2,370.316833,323.147552,171,15,15,0
32,3,436.969116,363.413574,155,14,13,0
32,4,825.463257,465.091248,329,21,20,0
32,5,989.770691,478.916168,364,21,22,0
32,6,1123.663086,506.517303,351,21,21,0
32,7,1165.616089,509.175110,323,21,20,0
32,8,708.224609,525.611389,337,21,21,0
32,9,1236.417603,523.989929,123,9,17,0
32,10,795.040833,577.852112,323,20,20,0
32,11,1249.717773,618.856750,121,9,17,0
33,0,425.632599,268.424072,168,15,15,0
33,1,484.378265,310.568481,168,15,15,0
33,2,370.309265,323.143158,169,15,15,0
33,3,436.963959,363.418365,155,14,13,0
33,4,825.462341,465.085907,330,21,20,0
33,5,1010.085876,499.575714,336,20,21,0
33,6,708.179810,525.636780,339,21,21,0
33,7,1132.688965,534.313721,314,20,21,0
33,8,1165.703247,535.854797,290,19,20,0
33,9,795.034851,577.851746,321,20,20,0
33,10,1249.710083,618.850281,121,9,17,0
34,0,425.634399,268.431366,170,15,15,0
34,1,484.372192,310.567261,169,15,15,0
34,2,370.306152,323.150909,171,15,15,0
34,3,436.971252,363.415314,155,14,13,0
34,4,825.454712,465.089874,330,21,20,0
34,5,987.469849,516.475037,323,19,21,0
34,6,1145.039795,522.874329,274,18,20,0
34,7,708.302612,525.558167,336,21,21,0
34,8,1236.411499,523.974976,123,9,17,0
34,9,1112.936646,530.410400,303,20,21,0
34,10,795.030640,577.848999,322,20,20,0
34,11,1249.713257,618.840576,121,9,17,0
35,0,425.646332,268.422089,170,15,15,0
35,1,484.386200,310.566589,169,15,15,0
35,2,370.303680,323.141693,169,15,15,0
35,3,436.966003,363.415680,155,14,13,0
35,4,825.464233,465.086243,329,21,20,0
35,5,1138.137817,469.844940,276,18,20,0
35,6,1105.804199,486.105316,300,19,20,0
35,7,977.215088,496.508881,327,20,21,0
35,8,708.169861,525.642395,337,21,21,0
35,9,795.033875,577.847351,321,20,20,0
35,10,1249.726807,618.863342,119,9,16,0
36,0,425.645447,268.419312,168,15,15,0
36,1,484.381744,310.565765,168,15,15,0
36,2,370.320038,323.144073,170,15,15,0
36,3,436.971588,363.414032,155,14,13,0
36,4,825.468445,465.086670,330,21,20,0
36,5,992.023499,471.964661,338,20,22,0
36,6,1115.004028,490.919159,313,18,22,0
36,7,1143.547729,491.805298,280,17,21,0
36,8,708.175415,525.643982,339,21,21,0
36,9,1236.410889,523.984070,124,9,17,0
36,10,795.037354,577.843994,322,20,20,0
36,11,1249.719238,618.835632,120,9,17,0
37,0,425.646118,268.418152,169,15,15,0
37,1,484.381287,310.559509,170,15,15,0
37,2,370.307678,323.138214,170,15,15,0
37,3,436.966125,363.400543,155,14,13,0
37,4,1160.862549,420.406555,318,19,21,0
37,5,1124.271362,435.547119,350,20,23,0
37,6,988.898621,457.220154,366,20,22,0
37,7,825.459045,465.070740,329,21,20,0
37,8,708.166016,525.643188,342,21,21,0
37,9,795.040710,577.840271,322,20,20,0
37,10,1249.716675,618.850464,120,9,17,0
37,11,592.155396,942.950867,16,5,4,0
37,12,478.203918,1016.897766,24,5,6,0
38,0,425.656189,268.415405,170,15,15,0
38,1,484.380280,310.555786,167,15,15,0
38,2,370.323151,323.143127,172,15,15,0
38,3,436.979889,363.398804,155,14,13,0
38,4,1161.287598,441.306885,328,20,21,0
38,5,1122.277344,447.687500,351,20,22,0
38,6,985.445374,453.034424,372,21,22,0
38,7,825.395081,465.153137,325,21,20,0
38,8,708.187561,525.639771,341,21,21,0
38,9,1236.419189,523.965515,123,9,17,0
38,10,795.048645,577.835022,322,20,20,0
38,11,1249.731812,618.829041,119,9,16,0
38,12,605.206665,937.323303,13,4,4,0
38,13,493.702148,1012.783813,21,5,5,0
39,0,425.620544,268.429901,169,15,15,0
39,1,484.352692,310.573792,167,15,15,0
39,2,370.280365,323.148010,171,15,15,0
39,3,436.950409,363.405273,155,14,13,0
39,4,825.442932,465.087097,329,21,20,0
39,5,708.141724,525.651733,340,21,21,0
39,6,1005.639038,537.508240,344,20,23,0
39,7,1170.148193,547.606567,306,19,21,0
39,8,1135.228271,548.585266,328,20,21,0
39,9,795.012939,577.853088,322,20,20,0
39,10,1249.694214,618.849365,121,9,17,0
39,11,607.039490,940.164490,15,4,4,0
39,12,495.397369,1014.740784,21,5,5,0
40,0,425.658173,268.423615,170,15,15,0
40,1,484.397919,310.566315,168,15,15,0
40,2,370.316132,323.154297,170,15,15,0
40,3,436.979584,363.418793,155,14,13,0
40,4,1155.527832,433.647461,325,19,21,0
40,5,1116.696045,439.584656,351,20,22,0
40,6,980.671570,446.234375,369,21,22,0
40,7,825.475037,465.092194,330,21,20,0
40,8,708.188049,525.648438,339,21,21,0
40,9,795.058838,577.851746,321,20,20,0
40,10,1249.731689,618.853943,121,9,16,0
40,11,496.735382,1016.173706,18,5,5,0
41,0,425.649261,268.415161,168,15,15,0
41,1,484.385864,310.559937,169,15,15,0
41,2,370.308167,323.148315,169,15,15,0
41,3,436.975281,363.403076,155,14,13,0
41,4,825.471741,465.076447,329,21,20,0
41,5,988.671387,485.430847,351,20,23,0
41,6,1157.528198,487.609528,314,19,21,0
41,7,1121.028687,489.865051,342,20,22,0
41,8,708.170532,525.640808,340,21,21,0
41,9,1236.421265,523.972168,122,9,17,0
41,10,795.040405,577.840393,322,20,20,0
41,11,1249.726440,618.840820,121,9,17,0
41,12,605.010925,935.814392,23,6,5,0
41,13,493.890991,1011.103638,24,6,6,0
42,0,425.639496,268.419250,168,15,15,0
42,1,484.383301,310.565247,167,15,15,0
42,2,370.309052,323.148346,171,15,15,0
42,3,436.969818,363.404053,155,14,13,0
42,4,825.463989,465.083801,329,21,20,0
42,5,992.135498,524.191589,347,20,22,0
42,6,708.167297,525.646118,339,21,21,0
42,7,1120.613770,539.633301,328,19,21,0
42,8,1155.364868,541.717651,307,19,21,0
42,9,795.042175,577.844299,323,20,20,0
42,10,1249.715698,618.844543,121,9,17,0
42,11,609.509338,930.860229,37,7,7,0
42,12,499.377502,1005.396729,32,7,7,0
43,0,425.633057,268.422302,169,15,15,0
43,1,484.367310,310.566315,169,15,15,0
43,2,370.298645,323.132812,171,15,15,0
43,3,436.968079,363.396576,155,14,13,0
43,4,1137.889282,456.483704,318,20,21,0
43,5,825.457153,465.079254,330,21,20,0
43,6,1100.326294,469.434784,338,20,21,0
43,7,966.864868,489.173492,355,20,22,0
43,8,708.158752,525.642090,340,21,21,0
43,9,795.028320,577.839905,323,20,20,0
43,10,1249.709351,618.846619,120,9,17,0
43,11,616.467285,921.107849,32,7,6,0
43,12,508.564606,995.172119,29,6,6,0
44,0,425.641479,268.430237,170,15,15,0
44,1,484.389832,310.565857,168,15,15,0
44,2,370.320831,323.141876,170,15,15,0
44,3,436.973389,363.411011,155,14,13,0
44,4,825.462402,465.090912,329,21,20,0
44,5,1151.173584,498.036926,297,18,20,0
44,6,985.354004,503.672363,341,20,22,0
44,7,1115.632324,505.168365,322,19,21,0
44,8,708.172302,525.650757,337,21,21,0
44,9,795.036438,577.850769,321,20,20,0
44,10,1249.719971,618.846497,120,9,17,0
44,11,613.527466,923.793213,36,7,7,0
44,12,504.840240,999.341614,28,6,6,0
45,0,425.658203,268.410522,168,15,15,0
45,1,484.383575,310.552063,167,15,15,0
45,2,370.315033,323.135040,170,15,15,0
45,3,436.982056,363.402100,155,14,13,0
45,4,825.469971,465.078735,329,21,20,0
45,5,986.884949,517.329590,351,20,22,0
45,6,708.179260,525.637451,337,21,21,0
45,7,1115.757935,548.858459,341,20,22,0
45,8,1153.236450,557.340576,317,20,21,0
45,9,795.044434,577.839600,322,21,20,0
45,10,1249.732910,618.837891,120,9,17,0
45,11,612.296326,922.607056,13,4,5,0
45,12,503.004791,997.752380,14,4,4,0
46,0,425.661621,268.435425,169,15,15,0
46,1,484.384338,310.572876,167,15,15,0
46,2,370.311615,323.154358,169,15,15,0
46,3,436.978699,363.408875,154,14,13,0
46,4,825.465271,465.089386,330,21,20,0
46,5,985.661194,476.946381,361,21,22,0
46,6,1117.823486,495.569824,340,20,21,0
46,7,1156.220215,500.190521,319,20,21,0
46,8,708.174866,525.647339,339,21,21,0
46,9,1236.419556,523.990234,123,9,17,0
46,10,795.039490,577.851379,322,20,20,0
46,11,1249.726196,618.852295,119,9,16,0
47,0,425.636688,268.407074,169,15,15,0
47,1,484.374817,310.561859,169,15,15,0
47,2,370.306854,323.135559,170,15,15,0
47,3,436.963074,363.396545,155,14,13,0
47,4,825.458435,465.073517,330,21,20,0
47,5,996.990051,492.464386,352,20,22,0
47,6,1126.422607,523.716187,345,21,22,0
47,7,708.165039,525.629578,343,21,21,0
47,8,1163.558716,534.352356,320,19,21,0
47,9,795.036133,577.834106,322,20,20,0
47,10,1249.723633,618.843018,120,9,16,0
48,0,425.649658,268.416138,168,15,15,0
48,1,484.386932,310.568604,168,15,15,0
48,2,370.330902,323.145844,170,15,15,0
48,3,436.984497,363.408752,155,14,13,0
48,4,825.467163,465.084167,329,21,20,0
48,5,971.087341,514.793884,361,21,22,0
48,6,1148.628174,518.608276,326,20,21,0
48,7,1107.139648,521.281433,350,20,22,0
48,8,708.176697,525.640625,342,21,21,0
48,9,1236.422974,523.989929,123,9,17,0
48,10,795.046082,577.839294,323,20,20,0
48,11,1249.723633,618.844116,120,9,17,0
49,0,425.632233,268.427917,169,15,15,0
49,1,484.374023,310.567444,171,15,15,0
49,2,370.296906,323.153992,169,15,15,0
49,3,436.947571,363.405518,155,14,13,0
49,4,825.453674,465.080719,329,21,20,0
49,5,999.090759,513.010864,349,20,22,0
49,6,708.164978,525.647034,339,21,21,0
49,7,1236.406372,523.985718,123,9,17,0
49,8,1125.418579,548.541321,337,20,21,0
49,9,1160.686035,558.770386,315,19,21,0
49,10,795.029846,577.848633,322,20,20,0
49,11,1249.709961,618.834290,120,9,16,0
50,0,425.630615,268.418182,169,15,15,0
50,1,484.373657,310.562653,167,15,15,0
50,2,370.305511,323.148773,172,15,15,0
50,3,436.964844,363.398743,155,14,13,0
50,4,825.453003,465.072632,331,21,20,0
50,5,1036.648560,511.600555,320,19,21,0
50,6,708.166199,525.638794,338,21,21,0
50,7,1138.752319,577.133911,302,19,21,0
50,8,795.027649,577.838257,322,20,20,0
50,9,1159.470337,596.967163,273,17,20,0
50,10,1249.713135,618.838562,120,9,17,0
51,0,425.644684,268.418945,169,15,15,0
51,1,484.368103,310.566956,166,15,15,0
51,2,370.301422,323.136963,170,15,15,0
51,3,436.973145,363.393524,155,14,13,0
51,4,825.457214,465.070862,330,21,20,0
51,5,987.354614,499.081207,362,21,22,0
51,6,708.166992,525.635742,341,21,21,0
51,7,1118.244141,527.099060,346,20,22,0
51,8,1155.936768,535.714417,326,20,21,0
51,9,795.037476,577.838074,322,20,20,0
51,10,1249.716431,618.836182,122,9,17,0
51,11,589.190918,908.608276,18,5,5,0
52,0,425.626434,268.431305,171,15,15,0
52,1,484.363403,310.576965,169,15,15,0
52,2,370.283173,323.148712,171,15,15,0
52,3,436.956757,363.417847,155,14,13,0
52,4,825.448303,465.093872,329,21,20,0
52,5,994.013306,499.575226,347,20,22,0
52,6,708.151733,525.650391,340,21,21,0
52,7,1236.404541,523.976624,124,9,17,0
52,8,1120.081421,532.186035,336,20,22,0
52,9,1153.778198,541.487122,308,19,21,0
52,10,795.022583,577.852112,324,20,20,0
52,11,1249.706421,618.833557,119,9,16,0
53,0,425.627319,268.415375,169,15,15,0
53,1,484.380249,310.565765,166,15,15,0
53,2,370.311768,323.142487,170,15,15,0
53,3,436.968506,363.401306,155,14,13,0
53,4,825.465393,465.073578,330,21,20,0
53,5,1129.652100,516.432190,345,21,21,0
53,6,708.166748,525.635315,338,21,21,0
53,7,1084.023926,526.611267,368,22,22,0
53,8,1236.421143,523.965271,123,9,17,0
53,9,944.681885,538.994629,380,22,22,0
53,10,795.034302,577.832031,322,20,20,0
53,11,1249.724731,618.843384,120,9,17,0
53,12,591.062012,906.146301,19,5,5,0
54,0,425.643158,268.431091,170,15,15,0
54,1,484.375763,310.580536,170,15,15,0
54,2,370.299835,323.146301,171,15,15,0
54,3,436.966461,363.427673,155,14,13,0
54,4,825.458984,465.088776,329,21,20,0
54,5,987.687073,509.922119,368,22,22,0
54,6,708.171753,525.653320,338,21,21,0
54,7,1236.406738,523.981445,123,9,17,0
54,8,1118.502197,551.884644,365,21,22,0
54,9,1160.326416,569.859985,344,21,21,0
54,10,795.034363,577.859558,323,21,20,0
54,11,1249.720825,618.844177,120,9,16,0
54,12,589.517761,900.058899,35,7,6,0
55,0,425.624939,268.430756,169,15,15,0
55,1,484.375336,310.571136,170,15,15,0
55,2,370.297577,323.147034,171,15,15,0
55,3,436.942261,363.406891,156,14,13,0
55,4,825.454224,465.083893,331,21,20,0
55,5,708.161072,525.642090,339,21,21,0
55,6,1236.408203,523.970337,123,9,17,0
55,7,1160.389404,539.833618,322,20,21,0
55,8,981.639160,545.113342,358,21,22,0
55,9,1118.372192,548.054688,343,21,22,0
55,10,795.025940,577.843445,322,20,20,0
55,11,1249.711182,618.833801,121,9,17,0
55,12,592.823730,903.996704,32,6,6,0
56,0,425.622955,268.418884,168,15,15,0
56,1,484.377350,310.569305,169,15,15,0
56,2,370.308044,323.139465,170,15,15,0
56,3,436.957184,363.410614,155,14,13,0
56,4,825.452271,465.075043,330,21,20,0
56,5,708.158691,525.640320,337,21,21,0
56,6,1017.514587,534.520752,357,21,21,0
56,7,795.026123,577.840576,322,20,20,0
56,8,1140.519897,589.945190,350,21,22,0
56,9,1177.314697,606.328979,327,20,21,0
56,10,1249.713501,618.836914,120,9,17,0
56,11,590.434326,905.797302,32,7,6,0
57,0,425.633118,268.433136,170,15,15,0
57,1,484.360046,310.576935,165,15,15,0
57,2,370.294525,323.144318,170,15,15,0
57,3,436.955353,363.421844,155,14,13,0
57,4,825.444519,465.091400,328,21,20,0
57,5,708.149170,525.643921,341,21,21,0
57,6,1236.400635,523.981384,124,9,17,0
57,7,1018.398376,543.573730,355,21,21,0
57,8,795.023010,577.849365,322,20,20,0
57,9,1141.923828,593.494202,338,20,21,0
57,10,1178.893799,604.766968,319,20,20,0
57,11,1249.701660,618.835327,121,9,17,0
57,12,593.311707,901.105713,33,7,6,0
58,0,425.605469,268.430298,168,15,15,0
58,1,484.333099,310.575195,166,15,15,0
58,2,370.275879,323.149384,169,15,15,0
58,3,436.929474,363.411133,155,14,13,0
58,4,825.428101,465.084564,329,21,20,0
58,5,708.134033,525.647827,339,21,21,0
58,6,1236.379150,523.980408,123,9,17,0
58,7,1019.260864,539.927246,362,21,22,0
58,8,794.999146,577.845032,323,20,20,0
58,9,1132.688965,612.241821,350,21,21,0
58,10,1249.688721,618.849731,121,9,17,0
58,11,1165.539795,636.126953,325,20,21,0
58,12,593.851318,898.481323,38,6,7,0
59,0,425.615814,268.447968,171,15,15,0
59,1,484.356995,310.596405,168,15,15,0
59,2,370.277374,323.162811,168,15,15,0
59,3,436.943512,363.431671,155,14,13,0
59,4,825.439697,465.099152,329,21,20,0
59,5,708.144714,525.663269,340,21,21,0
59,6,1236.398926,523.991333,123,9,17,0
59,7,1140.602661,539.584717,339,21,21,0
59,8,1093.946045,550.314026,362,22,22,0
59,9,954.594849,554.736084,368,21,22,0
59,10,795.016541,577.862976,322,20,20,0
59,11,1249.698730,618.866333,120,9,16,0
59,12,593.777588,897.412781,37,7,7,0
60,0,425.619324,268.429474,168,15,15,0
60,1,484.361115,310.576019,166,15,15,0
60,2,370.288269,323.155243,171,15,15,0
60,3,436.950653,363.421509,155,14,13,0
60,4,825.441467,465.089722,329,21,20,0
60,5,708.147461,525.660400,340,21,21,0
60,6,998.919495,563.828369,359,22,22,0
60,7,795.019409,577.855713,321,20,20,0
60,8,1131.177246,594.869324,344,21,21,0
60,9,1172.372437,598.443481,322,20,21,0
60,10,1249.697998,618.852234,120,9,16,0
60,11,591.320007,897.482300,37,7,7,0
61,0,425.636139,268.438202,169,15,15,0
61,1,484.376709,310.579742,168,15,15,0
61,2,370.310394,323.145386,170,15,15,0
61,3,436.968109,363.416656,155,14,13,0
61,4,825.460083,465.089966,329,21,20,0
61,5,708.165710,525.654846,338,21,21,0
61,6,1236.416626,523.977905,121,9,17,0
61,7,1002.285400,528.870422,376,22,22,0
61,8,1133.342041,574.141113,370,22,22,0
61,9,795.030945,577.855896,322,20,20,0
61,10,1178.741211,585.402405,347,21,21,0
61,11,1249.712891,618.845764,120,9,16,0
61,12,586.944214,899.274658,36,6,7,0
62,0,425.630737,268.429016,168,15,15,0
62,1,484.364563,310.579529,167,15,15,0
62,2,370.295929,323.152496,170,15,15,0
62,3,436.960571,363.413971,155,14,13,0
62,4,825.445129,465.094879,329,21,20,0
62,5,708.146484,525.648193,338,21,21,0
62,6,1236.403564,523.976257,124,9,17,0
62,7,978.485657,544.002197,366,21,22,0
62,8,1161.561523,557.137207,331,21,20,0
62,9,1116.072632,559.983765,356,22,22,0
62,10,795.020386,577.859924,321,20,20,0
62,11,1249.707153,618.853027,120,9,17,0
62,12,591.250793,896.429138,38,7,7,0
63,0,425.643890,268.414154,168,15,15,0
63,1,484.382721,310.567078,168,15,15,0
63,2,370.307739,323.149567,171,15,15,0
63,3,436.970795,363.410797,155,14,13,0
63,4,825.459412,465.079987,329,21,20,0
63,5,708.167053,525.646606,338,21,21,0
63,6,1236.421387,523.971069,122,9,17,0
63,7,1140.007324,545.466187,326,20,21,0
63,8,1095.250366,558.949646,345,21,21,0
63,9,956.650574,564.510132,356,21,21,0
63,10,795.033691,577.848572,322,20,20,0
63,11,1249.720581,618.835144,120,9,16,0
63,12,590.190369,895.835266,36,7,7,0
64,0,425.656769,268.418213,169,15,15,0
64,1,484.396027,310.568756,169,15,15,0
64,2,370.333710,323.137024,171,15,15,0
64,3,436.981079,363.412598,155,14,13,0
64,4,825.471069,465.079834,329,21,20,0
64,5,708.175171,525.643738,339,21,21,0
64,6,1236.428101,523.972778,123,9,17,0
64,7,981.613220,550.776733,366,21,22,0
64,8,795.050049,577.843933,321,20,20,0
64,9,1114.389038,583.770630,352,21,21,0
64,10,1157.249878,589.257446,330,20,21,0
64,11,1249.731934,618.830017,121,9,17,0
64,12,590.742554,894.400085,38,7,7,0
65,0,425.619293,268.421753,169,15,15,0
65,1,484.355164,310.577667,167,15,15,0
65,2,370.278229,323.157318,169,15,15,0
65,3,436.940186,363.417206,155,14,13,0
65,4,825.432434,465.083374,330,21,20,0
65,5,1014.031921,522.480774,350,20,21,0
65,6,708.139832,525.646057,343,21,21,0
65,7,1138.271118,571.205933,344,20,22,0
65,8,795.003479,577.847229,322,20,20,0
65,9,1174.473511,585.256287,319,19,21,0
65,10,1249.686890,618.841675,121,9,17,0
65,11,591.984314,891.480286,35,6,7,0
66,0,425.626770,268.428833,169,15,15,0
66,1,484.367920,310.568329,166,15,15,0
66,2,370.297455,323.151001,169,15,15,0
66,3,436.951385,363.412323,155,14,13,0
66,4,825.443787,465.083313,329,21,20,0
66,5,708.149963,525.648010,338,21,21,0
66,6,1236.399780,523.971924,124,9,17,0
66,7,998.205383,543.214294,366,21,22,0
66,8,795.021240,577.846069,322,20,20,0
66,9,1127.610962,583.934204,355,21,22,0
66,10,1168.163086,595.756287,333,20,21,0
66,11,1249.702393,618.837769,121,9,17,0
66,12,593.903259,886.244812,31,6,6,0
67,0,425.617157,268.428558,169,15,15,0
67,1,484.360321,310.567871,166,14,15,0
67,2,370.277710,323.145721,171,15,15,0
67,3,436.948975,363.414551,155,14,13,0
67,4,825.445435,465.086884,329,21,20,0
67,5,708.151855,525.648621,338,21,21,0
67,6,978.441101,527.256470,368,21,22,0
67,7,1114.474854,544.286316,356,21,22,0
67,8,1157.683716,544.939026,331,20,21,0
67,9,795.017334,577.848389,322,20,20,0
67,10,1249.705688,618.837402,120,9,17,0
67,11,595.494751,882.982117,28,6,6,0
68,0,425.640686,268.421753,170,15,15,0
68,1,484.390106,310.564453,170,15,15,0
68,2,370.304718,323.135773,170,15,15,0
68,3,436.965149,363.405243,155,14,13,0
68,4,825.460510,465.077667,329,21,20,0
68,5,708.165100,525.644775,342,21,21,0
68,6,975.016602,551.722046,370,22,22,0
68,7,1110.877197,575.910217,356,21,22,0
68,8,1155.467285,577.617310,337,21,21,0
68,9,795.032654,577.844727,323,20,20,0
68,10,1249.720947,618.841370,120,9,17,0
68,11,591.757080,885.463806,25,6,5,0
69,0,425.638641,268.425812,168,15,15,0
69,1,484.375793,310.575409,169,15,15,0
69,2,370.297485,323.143158,168,15,15,0
69,3,436.973480,363.413910,155,14,13,0
69,4,825.453491,465.086243,329,21,20,0
69,5,708.164368,525.645142,341,21,21,0
69,6,1236.412109,523.975098,122,9,17,0
69,7,991.193665,553.291992,368,21,22,0
69,8,795.026550,577.852600,322,20,20,0
69,9,1121.859619,595.130737,359,21,22,0
69,10,1164.663452,605.918152,337,21,21,0
69,11,1249.716797,618.839294,120,9,17,0
69,12,587.937866,888.855774,29,6,6,0
70,0,425.638336,268.430939,170,15,15,0
70,1,484.361115,310.574738,169,15,15,0
70,2,370.294708,323.155914,171,15,15,0
70,3,436.963623,363.412872,154,14,13,0
70,4,825.449829,465.086975,330,21,20,0
70,5,708.162659,525.644714,341,21,21,0
70,6,1003.729309,530.920044,368,21,22,0
70,7,1133.488037,573.869324,362,21,22,0
70,8,795.027832,577.847595,323,20,20,0
70,9,1174.606934,586.621216,340,21,21,0
70,10,1249.709839,618.849243,122,9,17,0
70,11,587.847473,887.452087,32,6,7,0
71,0,425.641541,268.425385,169,15,15,0
71,1,484.375458,310.571960,169,15,15,0
71,2,370.297485,323.152588,169,15,15,0
71,3,436.961884,363.418427,155,14,13,0
71,4,825.459412,465.088654,329,21,20,0
71,5,708.167725,525.648254,343,21,21,0
71,6,1236.419434,523.985229,124,9,17,0
71,7,989.060547,569.328247,368,22,22,0
71,8,795.030579,577.848694,322,20,20,0
71,9,1122.867554,599.795349,357,21,21,0
71,10,1166.552246,604.392273,339,21,21,0
71,11,1249.725220,618.844299,121,9,16,0
71,12,586.571167,890.625000,23,6,5,0
72,0,425.649658,268.424591,172,15,15,0
72,1,484.395203,310.570160,171,15,15,0
72,2,370.328339,323.152771,172,15,15,0
72,3,436.977509,363.407318,155,14,13,0
72,4,825.476440,465.092957,330,21,20,0
72,5,708.185669,525.647827,341,21,21,0
72,6,1236.429443,523.979431,123,9,17,0
72,7,999.953613,530.633606,372,22,22,0
72,8,1130.774536,571.160950,359,21,22,0
72,9,795.054443,577.850342,322,20,20,0
72,10,1172.284546,582.744507,339,20,21,0
72,11,1249.734985,618.842468,121,9,17,0
72,12,588.979431,888.995728,32,6,6,0
73,0,425.611542,268.432495,168,15,15,0
73,1,484.348846,310.587646,168,14,15,0
73,2,370.277649,323.153198,170,15,15,0
73,3,436.930664,363.413757,155,14,13,0
73,4,825.429260,465.094940,329,21,20,0
73,5,708.135559,525.651855,340,21,21,0
73,6,1236.386719,523.970337,124,9,17,0
73,7,1005.704834,533.633606,363,21,22,0
73,8,795.004395,577.850891,323,20,20,0
73,9,1132.563843,580.677246,352,21,21,0
73,10,1171.101929,595.037292,326,20,20,0
73,11,1249.687744,618.855103,120,9,16,0
73,12,589.031799,887.965210,30,6,6,0
74,0,425.625671,268.434662,169,15,15,0
74,1,484.362823,310.567627,169,15,15,0
74,2,370.288422,323.148102,170,15,15,0
74,3,436.958313,363.409302,155,14,13,0
74,4,825.447021,465.088440,330,21,20,0
74,5,708.152466,525.649658,341,21,21,0
74,6,1236.404297,523.969788,124,9,17,0
74,7,998.507202,560.001709,365,21,22,0
74,8,795.017883,577.849487,322,20,20,0
74,9,1126.505615,604.553894,354,21,21,0
74,10,1166.187012,616.646790,334,20,21,0
74,11,1249.708740,618.851624,123,9,17,0
74,12,587.206482,890.158936,33,6,6,0
75,0,425.607300,268.431000,170,15,15,0
75,1,484.339966,310.584351,168,15,15,0
75,2,370.267517,323.157867,171,15,15,0
75,3,436.932037,363.415771,155,14,13,0
75,4,825.427795,465.087219,330,21,20,0
75,5,708.132751,525.650146,340,21,21,0
75,6,1000.730286,532.955811,368,22,22,0
75,7,795.001709,577.855469,323,20,20,0
75,8,1125.850952,588.664978,360,21,22,0
75,9,1164.055054,608.808044,338,20,21,0
75,10,1249.687988,618.833008,120,9,17,0
75,11,588.076721,887.410522,32,6,7,0
76,0,425.612946,268.442322,170,15,15,0
76,1,484.344910,310.573425,167,15,15,0
76,2,370.270782,323.155151,170,15,15,0
76,3,436.927032,363.418091,155,14,13,0
76,4,825.424805,465.087189,328,21,20,0
76,5,708.133057,525.652649,338,21,21,0
76,6,1236.378662,523.987549,122,9,17,0
76,7,983.501099,550.339722,368,21,22,0
76,8,1117.940552,578.277161,361,21,22,0
76,9,794.994385,577.851013,323,20,20,0
76,10,1161.204712,583.963867,336,20,21,0
76,11,1249.681030,618.849182,122,9,17,0
76,12,587.107483,888.508057,31,6,7,0
77,0,425.646454,268.432068,169,15,15,0
77,1,484.383179,310.576965,169,15,15,0
77,2,370.316254,323.160461,168,15,15,0
77,3,436.966736,363.413788,154,14,13,0
77,4,825.459412,465.091156,329,21,20,0
77,5,708.168640,525.646667,338,21,21,0
77,6,1236.417847,523.986633,123,9,17,0
77,7,999.427002,540.907104,367,21,22,0
77,8,795.035706,577.853882,322,20,20,0
77,9,1126.092407,592.473328,357,22,21,0
77,10,1165.815308,608.952698,335,20,21,0
77,11,1249.721680,618.851318,119,9,16,0
77,12,587.516113,887.541016,30,7,7,0
78,0,425.613953,268.427765,171,15,15,0
78,1,484.344666,310.580597,168,15,15,0
78,2,370.272919,323.155365,171,15,15,0
78,3,436.943573,363.420288,155,14,13,0
78,4,825.433411,465.095917,330,21,20,0
78,5,708.138550,525.654175,341,21,21,0
78,6,1236.392700,523.971191,123,9,17,0
78,7,985.921204,548.156982,370,22,22,0
78,8,1119.978271,575.274963,357,21,22,0
78,9,794.999023,577.859131,322,20,20,0
78,10,1162.446533,580.082947,330,21,21,0
78,11,1249.697144,618.856689,120,9,17,0
78,12,587.317383,888.100342,28,6,6,0
79,0,425.634674,268.429657,169,15,15,0
79,1,484.383911,310.571716,166,15,15,0
79,2,370.318298,323.142578,169,15,15,0
79,3,436.975128,363.422119,155,14,13,0
79,4,825.464844,465.089508,329,21,20,0
79,5,708.174133,525.649719,342,21,21,0
79,6,1164.212280,561.377869,310,20,20,0
79,7,984.775635,566.549438,350,21,21,0
79,8,1121.305542,571.789612,335,21,21,0
79,9,795.038513,577.849915,322,20,20,0
79,10,1249.724243,618.836487,121,9,17,0
79,11,585.318237,889.697876,26,6,6,0
80,0,425.625397,268.433594,169,15,15,0
80,1,484.355682,310.581329,168,15,15,0
80,2,370.288788,323.157959,169,15,15,0
80,3,436.947479,363.417694,154,14,13,0
80,4,825.444275,465.091614,329,21,20,0
80,5,708.149719,525.647827,336,21,21,0
80,6,1236.394165,523.977051,123,9,17,0
80,7,795.017761,577.852234,322,20,20,0
80,8,978.219177,579.850830,371,22,22,0
80,9,1115.894897,596.121948,361,21,22,0
80,10,1162.295288,595.917847,339,21,21,0
80,11,1249.699463,618.856201,119,9,16,0
80,12,586.441223,892.242676,28,6,6,0
81,0,425.609222,268.442139,170,15,15,0
81,1,484.362091,310.583313,168,15,15,0
81,2,370.270721,323.150360,171,15,15,0
81,3,436.944183,363.419159,155,14,13,0
81,4,825.440308,465.089417,331,21,20,0
81,5,708.147949,525.654053,342,21,21,0
81,6,1236.396118,523.978088,124,9,17,0
81,7,795.014038,577.852966,323,20,20,0
81,8,1147.831909,588.143677,327,21,20,0
81,9,1100.848755,605.089783,356,21,22,0
81,10,961.091614,619.253113,367,22,22,0
81,11,1249.702515,618.838135,121,9,17,0
81,12,584.364990,888.144775,28,6,6,0
82,0,425.623932,268.426392,170,15,15,0
82,1,484.367310,310.569244,168,15,15,0
82,2,370.293060,323.152496,171,15,15,0
82,3,436.959503,363.404999,156,14,13,0
82,4,825.447815,465.091309,331,21,20,0
82,5,708.156189,525.646484,342,21,21,0
82,6,1143.997803,561.624329,338,20,21,0
82,7,1098.713867,574.838074,362,21,22,0
82,8,795.025879,577.849121,323,20,20,0
82,9,958.636841,585.149414,370,21,22,0
82,10,1249.711914,618.851257,121,9,17,0
83,0,425.653687,268.428070,168,15,15,0
83,1,484.389557,310.571655,170,15,15,0
83,2,370.326965,323.154144,171,15,15,0
83,3,436.979950,363.419067,155,14,13,0
83,4,825.474854,465.087494,330,21,20,0
83,5,1028.040527,502.021301,339,20,22,0
83,6,708.179565,525.652039,341,21,21,0
83,7,1236.433960,523.968384,122,9,17,0
83,8,1143.635132,549.169312,313,19,21,0
83,9,1171.663818,558.069519,289,19,20,0
83,10,795.053040,577.846069,324,21,20,0
83,11,1249.733521,618.838501,120,9,17,0
84,0,425.636993,268.432281,170,15,15,0
84,1,484.390137,310.579498,168,15,15,0
84,2,370.300354,323.152100,170,15,15,0
84,3,436.969940,363.415192,155,14,13,0
84,4,825.460266,465.087097,329,21,20,0
84,5,1004.189636,523.343872,342,20,21,0
84,6,708.168945,525.649658,339,21,21,0
84,7,1121.654297,574.045532,317,19,20,0
84,8,795.033325,577.854370,322,20,20,0
84,9,1152.906616,583.731506,297,19,20,0
84,10,1249.722534,618.847839,119,9,16,0
85,0,425.599823,268.444366,170,15,15,0
85,1,484.341125,310.585114,166,15,15,0
85,2,370.278931,323.165405,167,15,15,0
85,3,436.929535,363.425995,154,14,13,0
85,4,825.428101,465.100403,330,21,20,0
85,5,1034.812622,499.221863,321,19,22,0
85,6,708.129395,525.672546,339,21,21,0
85,7,1136.255615,567.733826,307,19,21,0
85,8,794.999329,577.861877,323,20,20,0
85,9,1158.224731,588.445312,276,18,20,0
85,10,1249.685547,618.849060,119,9,16,0
85,11,483.320953,905.079041,43,8,9,0
86,0,425.623077,268.442780,169,15,15,0
86,1,484.355011,310.583466,165,14,15,0
86,2,370.300537,323.154449,169,15,15,0
86,3,436.949829,363.425751,155,14,13,0
86,4,825.440552,465.101105,329,21,20,0
86,5,1011.241394,487.491364,318,19,21,0
86,6,1131.099365,498.379791,302,18,21,0
86,7,1158.922729,500.536041,276,17,21,0
86,8,708.155640,525.676819,340,21,21,0
86,9,795.030762,577.865906,323,20,20,0
86,10,1249.711060,618.822510,120,9,17,0
87,0,425.657776,268.421417,169,15,15,0
87,1,484.389435,310.572662,168,15,15,0
87,2,370.321320,323.152679,169,15,15,0
87,3,436.972931,363.408325,155,14,13,0
87,4,825.478516,465.093567,329,21,20,0
87,5,1165.306030,478.414398,277,17,21,0
87,6,1135.411987,488.603119,307,19,21,0
87,7,1012.217224,500.601440,326,19,21,0
87,8,708.186646,525.657227,340,21,21,0
87,9,1236.427002,523.992737,122,9,17,0
87,10,795.061707,577.853577,322,20,20,0
87,11,1249.733032,618.844543,122,9,16,0
88,0,425.647369,268.426270,170,15,15,0
88,1,484.391205,310.572449,169,15,15,0
88,2,370.312592,323.147125,172,15,15,0
88,3,436.979706,363.411102,155,14,13,0
88,4,825.466125,465.087555,329,21,20,0
88,5,1151.751709,504.720062,322,19,21,0
88,6,1112.576904,508.160522,342,20,22,0
88,7,980.016174,511.383087,349,20,21,0
88,8,708.167847,525.648438,342,21,21,0
88,9,795.038513,577.848389,323,20,20,0
88,10,1249.714966,618.848450,120,9,17,0
89,0,425.614014,268.423798,170,15,15,0
89,1,484.341553,310.567719,167,15,15,0
89,2,370.281952,323.141663,170,15,15,0
89,3,436.939270,363.417206,156,14,13,0
89,4,825.435974,465.092072,331,21,20,0
89,5,1019.205811,485.578278,330,20,21,0
89,6,708.141296,525.656372,340,21,21,0
89,7,1136.548462,544.529297,325,19,21,0
89,8,1166.625122,571.972717,302,19,20,0
89,9,795.010559,577.859436,322,20,20,0
89,10,1249.700073,618.848572,120,9,16,0
90,0,425.615387,268.435699,168,15,15,0
90,1,484.358826,310.588989,167,15,15,0
90,2,370.280365,323.158508,169,15,15,0
90,3,436.946350,363.421600,155,14,13,0
90,4,825.436035,465.093719,329,21,20,0
90,5,1133.238647,495.422333,336,20,21,0
90,6,1089.533325,502.298248,358,21,22,0
90,7,952.649170,513.008057,371,22,22,0
90,8,708.141296,525.654297,340,21,21,0
90,9,1236.393433,523.993958,123,9,17,0
90,10,795.012207,577.854492,323,20,20,0
90,11,1249.692383,618.851501,122,9,17,0
91,0,425.617798,268.438354,169,15,15,0
91,1,484.366638,310.571533,166,15,15,0
91,2,370.288849,323.146759,170,15,15,0
91,3,436.948181,363.409454,155,14,13,0
91,4,825.450073,465.096313,329,21,20,0
91,5,1017.703552,511.761078,340,20,22,0
91,6,708.149231,525.655396,340,21,21,0
91,7,1134.594360,565.602112,322,19,21,0
91,8,795.024109,577.854431,323,20,20,0
91,9,1163.843872,585.127869,298,18,21,0
91,10,1249.703857,618.853699,119,9,16,0
92,0,425.631226,268.428070,170,15,15,0
92,1,484.378784,310.581787,169,15,15,0
92,2,370.309326,323.161041,169,15,15,0
92,3,436.957245,363.413391,154,14,13,0
92,4,825.444397,465.086578,329,21,20,0
92,5,708.156067,525.646851,337,21,21,0
92,6,992.960571,563.433594,334,20,21,0
92,7,1153.775269,567.865356,292,18,20,0
92,8,1119.759033,571.033081,314,19,22,0
92,9,795.021484,577.854858,322,20,20,0
92,10,1249.706787,618.863892,119,9,16,0
93,0,425.637817,268.429138,169,15,15,0
93,1,484.374817,310.572662,167,15,15,0
93,2,370.306732,323.149811,170,15,15,0
93,3,436.968506,363.426392,155,14,13,0
93,4,825.453918,465.086365,329,21,20,0
93,5,993.316589,508.799377,345,20,22,0
93,6,708.161438,525.644836,342,21,21,0
93,7,1120.481934,532.451355,329,19,21,0
93,8,1155.056763,540.298523,305,18,21,0
93,9,795.031433,577.849792,321,20,20,0
93,10,1249.723267,618.844055,120,9,16,0
94,0,425.620636,268.423523,169,15,15,0
94,1,484.366913,310.573212,167,15,15,0
94,2,370.300262,323.143372,170,15,15,0
94,3,436.948669,363.408691,155,14,13,0
94,4,825.444397,465.084290,330,21,20,0
94,5,708.149658,525.644775,340,21,21,0
94,6,1236.402588,523.982971,123,9,17,0
94,7,1037.781128,539.333862,316,19,22,0
94,8,795.018616,577.844788,323,20,20,0
94,9,1144.747437,600.163147,302,18,21,0
94,10,1249.705200,618.861084,119,9,16,0
94,11,1167.175293,622.198547,277,18,20,0
94,12,517.027771,1051.603882,34,6,7,0
95,0,425.638428,268.439362,169,15,15,0
95,1,484.368103,310.591309,167,15,15,0
95,2,370.297729,323.163147,171,15,15,0
95,3,436.961456,363.423126,155,14,13,0
95,4,825.453369,465.095795,329,21,20,0
95,5,708.160034,525.655579,339,21,21,0
95,6,1236.405762,523.990906,123,9,17,0
95,7,1017.305725,533.204590,343,21,22,0
95,8,1142.493652,566.040527,332,19,22,0
95,9,1175.478882,576.319336,308,19,21,0
95,10,795.026428,577.855286,322,20,20,0
95,11,1249.719360,618.852295,120,9,17,0
95,12,529.201050,1050.276001,34,6,7,0
96,0,425.644989,268.436768,169,15,15,0
96,1,484.377350,310.587891,169,15,15,0
96,2,370.313782,323.154388,171,15,15,0
96,3,436.973694,363.414032,155,14,13,0
96,4,825.464294,465.095673,330,21,20,0
96,5,708.167419,525.655518,340,21,21,0
96,6,989.448547,528.281921,353,21,22,0
96,7,1157.973389,535.979492,309,19,21,0
96,8,1121.186035,537.064270,338,20,22,0
96,9,795.037903,577.862671,324,20,20,0
96,10,1249.717407,618.860779,121,9,17,0
96,11,529.889771,1054.417114,18,4,5,0
97,0,425.656616,268.436005,169,15,15,0
97,1,484.395081,310.563873,168,15,15,0
97,2,370.320709,323.153564,170,15,15,0
97,3,436.982361,363.407654,155,14,13,0
97,4,825.468018,465.086945,329,21,20,0
97,5,708.178101,525.646057,342,21,21,0
97,6,1236.428101,523.984497,123,9,17,0
97,7,1003.804810,537.285034,345,20,22,0
97,8,1127.019775,573.571228,328,20,21,0
97,9,795.052490,577.856201,322,20,20,0
97,10,1159.001953,583.525269,298,18,21,0
97,11,1249.733154,618.848572,119,9,16,0
97,12,517.690796,1049.769775,11,4,4,0
98,0,425.619812,268.432129,169,15,15,0
98,1,484.340973,310.575348,166,15,15,0
98,2,370.281677,323.157196,171,15,15,0
98,3,436.941132,363.420959,155,14,13,0
98,4,825.430969,465.093750,330,21,20,0
98,5,708.137512,525.654053,340,21,21,0
98,6,1236.389771,523.984863,123,9,17,0
98,7,984.733276,549.416199,346,20,21,0
98,8,1153.083374,564.805420,310,20,21,0
98,9,1115.700928,565.415527,332,20,21,0
98,10,794.998230,577.857666,323,20,20,0
98,11,1249.690674,618.851196,121,9,17,0
98,12,619.267517,970.658691,10,4,3,0
98,13,507.718170,1058.320801,17,4,5,0
99,0,425.645660,268.425049,170,15,15,0
99,1,484.386322,310.579071,168,15,15,0
99,2,370.324219,323.150543,169,15,15,0
99,3,436.966553,363.415253,155,14,13,0
99,4,825.463562,465.084930,331,21,20,0
99,5,708.171631,525.647217,341,21,21,0
99,6,994.386475,547.694763,348,21,22,0
99,7,1125.223145,563.608032,333,20,21,0
99,8,1162.689453,563.675781,312,19,21,0
99,9,795.042725,577.851135,322,20,20,0
99,10,1249.724976,618.849915,120,9,17,0
99,11,504.429352,1041.243164,22,5,5,0
